Название,"Цена, руб.",Год выпуска,"Пробег, км.",Тип кузова,Цвет,"Объем двигателя, л.","Мощность двигателя, л/с",Тип двигателя,"Налог, руб.",Тип коробки передач,Привод,Положение руля,Состояние,Число владельцев,ПТС,"Время владения, г.",Таможня,URL адрес
Hyundai Elantra III (XD2) Рестайлинг,275000,2006,167667,седан,серебристый,1.6,105,Бензин,2625,механическая,передний,Левый,Не требует ремонта,1,Дубликат,,Растаможен,https://auto.ru/cars/used/sale/hyundai/elantra/1104839306-2865a82f/
Hyundai Elantra III (XD),170000,2003,165000,седан,серебристый,2.0,139,Бензин,4865,автоматическая,передний,Левый,Не требует ремонта,3 или больше,Оригинал,6.5,Растаможен,https://auto.ru/cars/used/sale/hyundai/elantra/1103186107-888caa00/
Hyundai Elantra IV (HD),400000,2006,209000,седан,серебристый,1.6,122,Бензин,3050,механическая,передний,Левый,Не требует ремонта,1,Оригинал,14.7,Растаможен,https://auto.ru/cars/used/sale/hyundai/elantra/1104787584-f5fd686a/
Hyundai Elantra V (MD),729000,2012,111715,седан,синий,1.6,132,Бензин,4620,автоматическая,передний,Левый,Не требует ремонта,1,Оригинал,,Растаможен,https://auto.ru/cars/used/sale/hyundai/elantra/1104617503-06f7debe/
Hyundai Elantra IV (HD),565000,2010,72604,седан,синий,1.6,122,Бензин,3050,автоматическая,передний,Левый,Не требует ремонта,2,Оригинал,,Растаможен,https://auto.ru/cars/used/sale/hyundai/elantra/1103883961-4377a9c7/
Hyundai Elantra IV (HD),481000,2006,158460,седан,красный,1.6,122,Бензин,3050,автоматическая,передний,Левый,Не требует ремонта,3 или больше,Дубликат,,Растаможен,https://auto.ru/cars/used/sale/hyundai/elantra/1104071040-852c8b67/
Hyundai Elantra III (XD),195000,2002,232000,седан,синий,1.6,107,Бензин,2675,автоматическая,передний,Левый,Не требует ремонта,3 или больше,Дубликат,,Растаможен,https://auto.ru/cars/used/sale/hyundai/elantra/1104878635-42e52f0f/
Hyundai Elantra IV (HD),410000,2008,285200,седан,белый,1.6,122,Бензин,3050,автоматическая,передний,Левый,Не требует ремонта,3 или больше,Оригинал,2.7,Растаможен,https://auto.ru/cars/used/sale/hyundai/elantra/1104863509-81f03d38/
Hyundai Elantra VI (AD),986000,2016,79487,седан,серый,1.6,128,Бензин,4480,автоматическая,передний,Левый,Не требует ремонта,2,Оригинал,,Растаможен,https://auto.ru/cars/used/sale/hyundai/elantra/1104896003-fb50c325/
Hyundai Elantra VI (AD),869000,2016,161600,седан,синий,1.6,128,Бензин,4480,автоматическая,передний,Левый,Не требует ремонта,2,Оригинал,,Растаможен,https://auto.ru/cars/used/sale/hyundai/elantra/1104614100-066fb06d/
Hyundai Elantra III (XD2) Рестайлинг,189000,2004,185500,седан,серебристый,1.6,105,Бензин,2625,автоматическая,передний,Левый,Не требует ремонта,3 или больше,Оригинал,,Растаможен,https://auto.ru/cars/used/sale/hyundai/elantra/1104032386-4692c1a1/
Hyundai Elantra IV (HD),,2010,205000,седан,красный,1.6,122,Бензин,3050,механическая,передний,Левый,Не требует ремонта,2,Оригинал,,Растаможен,https://auto.ru/cars/used/sale/hyundai/elantra/1104811083-01966c3c/
Hyundai Elantra VI (AD) Рестайлинг,1464000,2019,48828,седан,белый,1.6,128,Бензин,4480,автоматическая,передний,Левый,Не требует ремонта,1,Оригинал,,Растаможен,https://auto.ru/cars/used/sale/hyundai/elantra/1104784230-137a2684/
Hyundai Elantra ТагАЗ III (XD2) Рестайлинг,370000,2008,178000,седан,красный,1.6,105,Бензин,2625,автоматическая,передний,Левый,Не требует ремонта,1,Оригинал,,Растаможен,https://auto.ru/cars/used/sale/hyundai/elantra/1104890507-b0a582b2/
Hyundai Elantra VI (AD) Рестайлинг,1635000,2020,15147,седан,белый,2.0,150,Бензин,5250,механическая,передний,Левый,Не требует ремонта,1,Оригинал,,Растаможен,https://auto.ru/cars/used/sale/hyundai/elantra/1104633149-6dfc0638/
Hyundai Elantra IV (HD),519000,2009,106450,седан,бежевый,1.6,122,Бензин,3050,автоматическая,передний,Левый,Не требует ремонта,3 или больше,Оригинал,,Растаможен,https://auto.ru/cars/used/sale/hyundai/elantra/1104145283-0d5379dd/
Hyundai Elantra V (MD) Рестайлинг,1010000,2015,67460,седан,бежевый,1.6,132,Бензин,4620,автоматическая,передний,Левый,Не требует ремонта,1,Оригинал,,Растаможен,https://auto.ru/cars/used/sale/hyundai/elantra/1104820290-ac58bb7d/
Hyundai Elantra V (MD) Рестайлинг,966000,2015,48140,седан,голубой,1.6,132,Бензин,4620,автоматическая,передний,Левый,Не требует ремонта,1,Оригинал,,Растаможен,https://auto.ru/cars/used/sale/hyundai/elantra/1104699962-2b3ef64b/
Hyundai Elantra VI (AD) Рестайлинг,1367000,2019,16354,седан,чёрный,1.6,128,Бензин,4480,автоматическая,передний,Левый,Не требует ремонта,1,Оригинал,,Растаможен,https://auto.ru/cars/used/sale/hyundai/elantra/1104741184-87bb3813/
Hyundai Elantra VI (AD) Рестайлинг,1310000,2019,25864,седан,серый,1.6,128,Бензин,4480,автоматическая,передний,Левый,Не требует ремонта,1,Оригинал,,Растаможен,https://auto.ru/cars/used/sale/hyundai/elantra/1103878015-7559d523/
Hyundai Elantra VI (AD) Рестайлинг,1285000,2019,22590,седан,серый,1.6,128,Бензин,4480,автоматическая,передний,Левый,Не требует ремонта,1,Оригинал,,Растаможен,https://auto.ru/cars/used/sale/hyundai/elantra/1103983796-bdb71ccc/
Hyundai Elantra IV (HD),499000,2008,68229,седан,бежевый,1.6,122,Бензин,3050,механическая,передний,Левый,Не требует ремонта,1,Оригинал,,Растаможен,https://auto.ru/cars/used/sale/hyundai/elantra/1104881514-1865744c/
Hyundai Elantra VI (AD) Рестайлинг,1320000,2020,24850,седан,серый,1.6,128,Бензин,4480,автоматическая,передний,Левый,Не требует ремонта,1,Оригинал,,Растаможен,https://auto.ru/cars/used/sale/hyundai/elantra/1104247747-462ecd97/
Hyundai Elantra V (MD) Рестайлинг,762000,2014,208000,седан,чёрный,1.8,150,Бензин,5250,автоматическая,передний,Левый,Не требует ремонта,2,Оригинал,,Растаможен,https://auto.ru/cars/used/sale/hyundai/elantra/1104822956-58088e4f/
Hyundai Elantra VI (AD),1320000,2019,101079,седан,белый,2.0,150,Бензин,5250,автоматическая,передний,Левый,Не требует ремонта,1,Оригинал,,Растаможен,https://auto.ru/cars/used/sale/hyundai/elantra/1104879830-486e7ea5/
Hyundai Elantra V (MD),699000,2013,193502,седан,бежевый,1.6,132,Бензин,4620,автоматическая,передний,Левый,Не требует ремонта,2,Оригинал,,Растаможен,https://auto.ru/cars/used/sale/hyundai/elantra/1104828447-36ab006a/
Hyundai Elantra IV (HD),417000,2007,242000,седан,серебристый,1.6,122,Бензин,3050,механическая,передний,Левый,Не требует ремонта,1,Оригинал,,Растаможен,https://auto.ru/cars/used/sale/hyundai/elantra/1104783938-006e0c50/
Hyundai Elantra III (XD2) Рестайлинг,195000,2004,296224,седан,синий,2.0,143,Бензин,5005,автоматическая,передний,Левый,Не требует ремонта,1,Оригинал,,Растаможен,https://auto.ru/cars/used/sale/hyundai/elantra/1103659996-e72d4822/
Hyundai Elantra VI (AD),1097000,2017,126013,седан,красный,2.0,150,Бензин,5250,автоматическая,передний,Левый,Не требует ремонта,1,Оригинал,,Растаможен,https://auto.ru/cars/used/sale/hyundai/elantra/1104691842-d89c4e1d/
Hyundai Elantra IV (HD),357000,2008,108446,седан,жёлтый,1.6,122,Бензин,3050,механическая,передний,Левый,Не требует ремонта,3 или больше,Дубликат,,Растаможен,https://auto.ru/cars/used/sale/hyundai/elantra/1104740108-f6ee040b/
Hyundai Elantra VII (CN7),2475000,2021,300,седан,серый,2.0,150,Бензин,5250,автоматическая,передний,Левый,Не требует ремонта,1,Оригинал,4.3,Растаможен,https://auto.ru/cars/used/sale/hyundai/elantra/1104100581-d476d2bb/
Hyundai Elantra VI (AD) Рестайлинг,1050000,2019,124200,седан,белый,1.6,128,Бензин,4480,автоматическая,передний,Левый,Не требует ремонта,2,Оригинал,,Растаможен,https://auto.ru/cars/used/sale/hyundai/elantra/1104278650-ebafec72/
Hyundai Elantra V (MD),639000,2011,218000,седан,чёрный,1.6,132,Бензин,4620,автоматическая,передний,Левый,Не требует ремонта,1,Оригинал,3.2,Растаможен,https://auto.ru/cars/used/sale/hyundai/elantra/1103938515-764c6bf8/
Hyundai Elantra IV (HD),465000,2007,145000,седан,синий,1.6,122,Бензин,3050,автоматическая,передний,Левый,Не требует ремонта,3 или больше,Дубликат,,Растаможен,https://auto.ru/cars/used/sale/hyundai/elantra/1104798925-b29a40d5/
Hyundai Elantra III (XD2) Рестайлинг,299000,2006,181533,хэтчбек 5 дв.,серый,1.6,105,Бензин,2625,механическая,передний,Левый,Не требует ремонта,2,Оригинал,,Растаможен,https://auto.ru/cars/used/sale/hyundai/elantra/1104817188-90d16fce/
Hyundai Elantra VI (AD),1198000,2018,60000,седан,чёрный,2.0,150,Бензин,5250,автоматическая,передний,Левый,Не требует ремонта,1,Оригинал,,Растаможен,https://auto.ru/cars/used/sale/hyundai/elantra/1104789508-2affdea3/
Hyundai Elantra V (MD) Рестайлинг,902000,2015,152280,седан,чёрный,1.6,132,Бензин,4620,механическая,передний,Левый,Не требует ремонта,1,Оригинал,,Растаможен,https://auto.ru/cars/used/sale/hyundai/elantra/1104803357-fca18696/
Hyundai Elantra III (XD2) Рестайлинг,230000,2005,302171,седан,серый,1.6,107,Бензин,2675,механическая,передний,Левый,Не требует ремонта,3 или больше,Оригинал,2.2,Растаможен,https://auto.ru/cars/used/sale/hyundai/elantra/1104089273-3d0ddf57/
Hyundai Elantra IV (HD),460000,2008,186000,седан,красный,1.6,122,Бензин,3050,автоматическая,передний,Левый,Не требует ремонта,3 или больше,Дубликат,,Растаможен,https://auto.ru/cars/used/sale/hyundai/elantra/1104804560-075f1aea/
Hyundai Elantra VI (AD),1480000,2019,27647,седан,синий,1.6,128,Бензин,4480,автоматическая,передний,Левый,Не требует ремонта,1,Оригинал,,Растаможен,https://auto.ru/cars/used/sale/hyundai/elantra/1104802671-747e8959/
Hyundai Elantra III (XD2) Рестайлинг,399000,2006,139182,седан,красный,1.6,105,Бензин,2625,механическая,передний,Левый,Не требует ремонта,1,Оригинал,,Растаможен,https://auto.ru/cars/used/sale/hyundai/elantra/1104793761-dd2de1f9/
Hyundai Elantra VI (AD) Рестайлинг,1538000,2020,17900,седан,белый,1.6,128,Бензин,4480,автоматическая,передний,Левый,Не требует ремонта,1,Оригинал,,Растаможен,https://auto.ru/cars/used/sale/hyundai/elantra/1104791719-1dc68037/
Hyundai Elantra III (XD),110000,2001,189400,седан,чёрный,2.0,143,Бензин,5005,автоматическая,передний,Левый,Не требует ремонта,3 или больше,Дубликат,,Растаможен,https://auto.ru/cars/used/sale/hyundai/elantra/1104697686-504079b4/
Hyundai Elantra III (XD2) Рестайлинг,199000,2005,185386,седан,чёрный,1.6,105,Бензин,3570,автоматическая,передний,Левый,Не требует ремонта,3 или больше,Дубликат,,Растаможен,https://auto.ru/cars/used/sale/hyundai/elantra/1104055948-b85b5ce2/
Hyundai Elantra ТагАЗ III (XD2) Рестайлинг,349000,2008,236895,седан,синий,1.6,105,Бензин,2625,механическая,передний,Левый,Не требует ремонта,1,Оригинал,,Растаможен,https://auto.ru/cars/used/sale/hyundai/elantra/1104762099-6e0f7dc6/
Hyundai Elantra V (MD) Рестайлинг,857000,2015,53500,седан,красный,1.6,132,Бензин,4620,механическая,передний,Левый,Не требует ремонта,1,Оригинал,5.2,Растаможен,https://auto.ru/cars/used/sale/hyundai/elantra/1104891057-6e1de0e4/
Hyundai Elantra VI (AD) Рестайлинг,1395000,2019,64000,седан,синий,2.0,150,Бензин,5250,автоматическая,передний,Левый,Не требует ремонта,1,Оригинал,,Растаможен,https://auto.ru/cars/used/sale/hyundai/elantra/1104748795-6f41dfd7/
Hyundai Elantra IV (HD),475000,2008,167632,седан,красный,1.6,122,Бензин,3050,механическая,передний,Левый,Не требует ремонта,1,Оригинал,,Растаможен,https://auto.ru/cars/used/sale/hyundai/elantra/1104728463-1ee25375/
Hyundai Elantra III (XD2) Рестайлинг,,2005,280000,седан,серебристый,1.6,105,Бензин,2625,автоматическая,передний,Левый,Не требует ремонта,3 или больше,Дубликат,,Растаможен,https://auto.ru/cars/used/sale/hyundai/elantra/1104894684-ddf2e986/
Hyundai Elantra III (XD2) Рестайлинг,218000,2006,261509,седан,красный,1.6,105,Бензин,2625,механическая,передний,Левый,Не требует ремонта,3 или больше,Оригинал,,Растаможен,https://auto.ru/cars/used/sale/hyundai/elantra/1104719483-13f8de9d/
Hyundai Elantra VI (AD),1088000,2017,78946,седан,чёрный,1.6,128,Бензин,4480,автоматическая,передний,Левый,Не требует ремонта,1,Оригинал,,Растаможен,https://auto.ru/cars/used/sale/hyundai/elantra/1104708362-5760f7b0/
Hyundai Elantra V (MD),709000,2012,74900,седан,серый,1.6,132,Бензин,4620,автоматическая,передний,Левый,Не требует ремонта,1,Оригинал,,Растаможен,https://auto.ru/cars/used/sale/hyundai/elantra/1104698286-07964224/
Hyundai Elantra VI (AD) Рестайлинг,1305000,2019,38835,седан,серебристый,1.6,128,Бензин,4480,автоматическая,передний,Левый,Не требует ремонта,1,Оригинал,,Растаможен,https://auto.ru/cars/used/sale/hyundai/elantra/1104694269-bf3c862c/
Hyundai Elantra III (XD),183000,2003,285000,седан,синий,1.6,107,Бензин,2675,механическая,передний,Левый,Не требует ремонта,3 или больше,Оригинал,,Растаможен,https://auto.ru/cars/used/sale/hyundai/elantra/1104688304-eda1e8ad/
Hyundai Elantra III (XD2) Рестайлинг,200000,2003,387600,хэтчбек 5 дв.,синий,1.6,107,Бензин,2675,механическая,передний,Левый,Не требует ремонта,3 или больше,Оригинал,,Растаможен,https://auto.ru/cars/used/sale/hyundai/elantra/1104606463-52f0f44a/
Hyundai Elantra V (MD) Рестайлинг,720000,2013,205492,седан,белый,1.8,150,Бензин,5250,автоматическая,передний,Левый,Не требует ремонта,2,Оригинал,,Растаможен,https://auto.ru/cars/used/sale/hyundai/elantra/1104671468-df9a656d/
Hyundai Elantra IV (HD),319000,2006,338415,седан,жёлтый,1.6,122,Бензин,3050,механическая,передний,Левый,Не требует ремонта,3 или больше,Оригинал,,Растаможен,https://auto.ru/cars/used/sale/hyundai/elantra/1104614115-79d63cde/
Hyundai Elantra IV (HD),290000,2007,322000,седан,чёрный,1.6,122,Бензин,3050,механическая,передний,Левый,Не требует ремонта,2,Оригинал,3.2,Растаможен,https://auto.ru/cars/used/sale/hyundai/elantra/1103845068-5c6b45d3/
Hyundai Elantra V (MD),619000,2011,174701,седан,чёрный,1.6,132,Бензин,4620,автоматическая,передний,Левый,Не требует ремонта,3 или больше,Дубликат,,Растаможен,https://auto.ru/cars/used/sale/hyundai/elantra/1104647989-ce181bad/
Hyundai Elantra IV (HD),450000,2007,203000,седан,синий,1.6,122,Бензин,3050,автоматическая,передний,Левый,Не требует ремонта,3 или больше,Оригинал,,Растаможен,https://auto.ru/cars/used/sale/hyundai/elantra/1104883875-6cff1077/
Hyundai Elantra ТагАЗ III (XD2) Рестайлинг,350000,2009,209155,седан,серый,1.6,105,Бензин,2625,автоматическая,передний,Левый,Не требует ремонта,3 или больше,Оригинал,,Растаможен,https://auto.ru/cars/used/sale/hyundai/elantra/1104629554-e8c40ef8/
Hyundai Elantra ТагАЗ III (XD2) Рестайлинг,210000,2008,260000,седан,синий,1.6,105,Бензин,2625,механическая,передний,Левый,Не требует ремонта,3 или больше,Дубликат,,Растаможен,https://auto.ru/cars/used/sale/hyundai/elantra/1103683482-300feb4e/
Hyundai Elantra III (XD2) Рестайлинг,250000,2005,190000,седан,синий,1.6,107,Бензин,2675,механическая,передний,Левый,Не требует ремонта,3 или больше,Оригинал,2.4,Растаможен,https://auto.ru/cars/used/sale/hyundai/elantra/1104880166-97776216/
Hyundai Elantra V (MD),769000,2012,81742,седан,серый,1.6,132,Бензин,4620,автоматическая,передний,Левый,Не требует ремонта,1,Оригинал,,Растаможен,https://auto.ru/cars/used/sale/hyundai/elantra/1104583911-ba33bb45/
Hyundai Elantra III (XD2) Рестайлинг,210000,2004,191000,седан,жёлтый,1.6,105,Бензин,2625,механическая,передний,Левый,Не требует ремонта,3 или больше,Оригинал,10.1,Растаможен,https://auto.ru/cars/used/sale/hyundai/elantra/1104876973-3ecd8d7b/
Hyundai Elantra VI (AD),899000,2016,126366,седан,белый,2.0,150,Бензин,5250,механическая,передний,Левый,Не требует ремонта,2,Оригинал,,Растаможен,https://auto.ru/cars/used/sale/hyundai/elantra/1104583366-8063ee40/
Hyundai Elantra IV (HD),438000,2009,181000,седан,серый,1.6,122,Бензин,3050,механическая,передний,Левый,Не требует ремонта,1,Оригинал,11.4,Растаможен,https://auto.ru/cars/used/sale/hyundai/elantra/1104685157-d3c42de3/
"Hyundai Elantra II (J2, J3)",225000,2000,216000,универсал 5 дв.,серый,2.0,139,Бензин,4865,автоматическая,передний,Левый,Не требует ремонта,3 или больше,Дубликат,9.8,Растаможен,https://auto.ru/cars/used/sale/hyundai/elantra/1103440771-22d98bf8/
Hyundai Elantra III (XD2) Рестайлинг,345000,2005,152410,седан,чёрный,1.6,105,Бензин,2625,механическая,передний,Левый,Не требует ремонта,1,Оригинал,,Растаможен,https://auto.ru/cars/used/sale/hyundai/elantra/1104872180-92828b02/
Hyundai Elantra III (XD2) Рестайлинг,215000,2006,165000,седан,зелёный,1.6,105,Бензин,2625,механическая,передний,Левый,Не требует ремонта,3 или больше,Оригинал,,Растаможен,https://auto.ru/cars/used/sale/hyundai/elantra/1104226290-19016ee5/
Hyundai Elantra III (XD2) Рестайлинг,270000,2004,196000,хэтчбек 5 дв.,серый,1.6,105,Бензин,2625,механическая,передний,Левый,Не требует ремонта,3 или больше,Дубликат,,Растаможен,https://auto.ru/cars/used/sale/hyundai/elantra/1104869422-61e0462a/
Hyundai Elantra IV (HD),500000,2009,258000,седан,фиолетовый,1.6,122,Бензин,3050,автоматическая,передний,Левый,Не требует ремонта,1,Оригинал,,Растаможен,https://auto.ru/cars/used/sale/hyundai/elantra/1104712440-5cac1249/
Hyundai Elantra III (XD2) Рестайлинг,230000,2003,245325,седан,серебристый,1.6,107,Бензин,2675,автоматическая,передний,Левый,Не требует ремонта,2,Оригинал,,Растаможен,https://auto.ru/cars/used/sale/hyundai/elantra/1104071145-27f2e36c/
Hyundai Elantra VI (AD) Рестайлинг,1050000,2019,138000,седан,белый,1.6,128,Бензин,4480,автоматическая,передний,Левый,Не требует ремонта,1,Оригинал,,Растаможен,https://auto.ru/cars/used/sale/hyundai/elantra/1103809820-e5ef689d/
Hyundai Elantra VI (AD),720000,2018,195000,седан,белый,1.6,128,Бензин,4480,автоматическая,передний,Левый,Не требует ремонта,2,Оригинал,1.5,Растаможен,https://auto.ru/cars/used/sale/hyundai/elantra/1102379704-646a5ce1/
Hyundai Elantra VI (AD) Рестайлинг,1278000,2019,29900,седан,белый,1.6,128,Бензин,4480,автоматическая,передний,Левый,Не требует ремонта,1,Оригинал,2.1,Растаможен,https://auto.ru/cars/used/sale/hyundai/elantra/1104104537-564f7667/
Hyundai Elantra VI (AD) Рестайлинг,1100000,2019,77500,седан,жёлтый,1.6,128,Бензин,4480,автоматическая,передний,Левый,Не требует ремонта,1,Оригинал,,Растаможен,https://auto.ru/cars/used/sale/hyundai/elantra/1104115799-3190dea2/
Hyundai Elantra VI (AD),980000,2018,43000,седан,серый,1.6,128,Бензин,4480,автоматическая,передний,Левый,Не требует ремонта,1,Оригинал,3.6,Растаможен,https://auto.ru/cars/used/sale/hyundai/elantra/1103505560-ab4ef3ca/
Hyundai Elantra VI (AD),930000,2018,82000,седан,чёрный,1.6,128,Бензин,4480,автоматическая,передний,Левый,Не требует ремонта,2,Дубликат,,Растаможен,https://auto.ru/cars/used/sale/hyundai/elantra/1103705604-4f7cbfc5/
Hyundai Elantra VI (AD) Рестайлинг,1100000,2019,28901,седан,белый,1.6,128,Бензин,4480,механическая,передний,Левый,Не требует ремонта,1,Оригинал,1.9,Растаможен,https://auto.ru/cars/used/sale/hyundai/elantra/1104242050-91893d6b/
Hyundai Elantra V (MD) Рестайлинг,666000,2014,108754,седан,чёрный,1.6,132,Бензин,4620,автоматическая,передний,Левый,Не требует ремонта,2,Дубликат,,Растаможен,https://auto.ru/cars/used/sale/hyundai/elantra/1102928816-021304c5/
Hyundai Elantra VI (AD),870000,2018,205000,седан,белый,2.0,150,Бензин,5250,механическая,передний,Левый,Не требует ремонта,1,Оригинал,,Растаможен,https://auto.ru/cars/used/sale/hyundai/elantra/1104732644-e109dc81/
Hyundai Elantra V (MD) Рестайлинг,550000,2015,205000,седан,белый,1.6,132,Бензин,4620,механическая,передний,Левый,Не требует ремонта,3 или больше,Оригинал,,Растаможен,https://auto.ru/cars/used/sale/hyundai/elantra/1104156853-4e96d77b/
Hyundai Elantra VI (AD),1200000,2016,66000,седан,белый,2.0,150,Бензин,5250,автоматическая,передний,Левый,Не требует ремонта,2,Оригинал,,Растаможен,https://auto.ru/cars/used/sale/hyundai/elantra/1104803735-4d598c14/
Hyundai Elantra VI (AD),1300000,2017,58306,седан,синий,1.6,128,Бензин,4480,автоматическая,передний,Левый,Не требует ремонта,1,Оригинал,,Растаможен,https://auto.ru/cars/used/sale/hyundai/elantra/1103290771-69142334/
Hyundai Elantra V (MD) Рестайлинг,860000,2014,53000,седан,белый,1.8,150,Бензин,5250,автоматическая,передний,Левый,Не требует ремонта,1,Оригинал,6.2,Растаможен,https://auto.ru/cars/used/sale/hyundai/elantra/1104844423-4b1f21a9/
Hyundai Elantra V (MD) Рестайлинг,750000,2015,140000,седан,чёрный,1.6,132,Бензин,4620,автоматическая,передний,Левый,Не требует ремонта,3 или больше,Оригинал,,Растаможен,https://auto.ru/cars/used/sale/hyundai/elantra/1103786607-f90ae6fd/
Hyundai Elantra VI (AD),880000,2018,280000,седан,белый,1.6,128,Бензин,4480,автоматическая,передний,Левый,Не требует ремонта,2,Оригинал,3.5,Растаможен,https://auto.ru/cars/used/sale/hyundai/elantra/1104804334-5ff7a654/
Hyundai Elantra V (MD),790000,2012,152253,седан,чёрный,1.8,150,Бензин,5250,автоматическая,передний,Левый,Не требует ремонта,1,Оригинал,,Растаможен,https://auto.ru/cars/used/sale/hyundai/elantra/1103206076-bb509267/
Hyundai Elantra IV (HD),419000,2010,143653,седан,серебристый,1.6,122,Бензин,3050,механическая,передний,Левый,Не требует ремонта,2,Оригинал,,Растаможен,https://auto.ru/cars/used/sale/hyundai/elantra/1103809065-57af25ae/
Hyundai Elantra V (MD) Рестайлинг,583000,2013,319244,седан,коричневый,1.6,132,Бензин,4620,механическая,передний,Левый,Не требует ремонта,2,Оригинал,7.3,Растаможен,https://auto.ru/cars/used/sale/hyundai/elantra/1103866513-1765d050/
Hyundai Elantra V (MD) Рестайлинг,720000,2014,200000,седан,белый,1.8,150,Бензин,5250,автоматическая,передний,Левый,Не требует ремонта,2,Оригинал,,Растаможен,https://auto.ru/cars/used/sale/hyundai/elantra/1101726380-4ae9100a/
Hyundai Elantra V (MD) Рестайлинг,1020000,2014,128000,седан,коричневый,1.6,132,Бензин,4620,автоматическая,передний,Левый,Не требует ремонта,2,Оригинал,5.3,Растаможен,https://auto.ru/cars/used/sale/hyundai/elantra/1089536952-fdc10195/
Hyundai Elantra III (XD2) Рестайлинг,162000,2003,210000,седан,чёрный,1.6,107,Бензин,2675,автоматическая,передний,Левый,Не требует ремонта,2,Дубликат,,Растаможен,https://auto.ru/cars/used/sale/hyundai/elantra/1104680038-6c56b8d4/
Hyundai Elantra VI (AD),1000000,2017,158000,седан,белый,1.6,128,Бензин,4480,автоматическая,передний,Левый,Не требует ремонта,1,Оригинал,,Растаможен,https://auto.ru/cars/used/sale/hyundai/elantra/1103722745-a44173f4/
Hyundai Elantra V (MD) Рестайлинг,600000,2014,260000,седан,белый,1.6,132,Бензин,4620,механическая,передний,Левый,Не требует ремонта,2,Оригинал,,Растаможен,https://auto.ru/cars/used/sale/hyundai/elantra/1104056035-0e4191a1/
Hyundai Elantra VI (AD),960000,2018,136000,седан,белый,1.6,128,Бензин,4480,механическая,передний,Левый,Не требует ремонта,1,Оригинал,2.9,Растаможен,https://auto.ru/cars/used/sale/hyundai/elantra/1104721463-93d8088b/
Hyundai Elantra V (MD) Рестайлинг,875000,2015,29800,седан,синий,1.6,132,Бензин,4620,механическая,передний,Левый,Не требует ремонта,1,Оригинал,,Растаможен,https://auto.ru/cars/used/sale/hyundai/elantra/1104813240-e5b5e774/
Hyundai Elantra V (MD),750000,2012,161000,седан,серебристый,1.8,150,Бензин,5250,автоматическая,передний,Левый,Не требует ремонта,2,Оригинал,,Растаможен,https://auto.ru/cars/used/sale/hyundai/elantra/1104698041-af3c9b07/
Hyundai Elantra V (MD) Рестайлинг,700000,2015,300000,седан,чёрный,1.6,132,Бензин,4620,автоматическая,передний,Левый,Не требует ремонта,3 или больше,Оригинал,2.2,Растаможен,https://auto.ru/cars/used/sale/hyundai/elantra/1103742741-deeaa9c2/
Hyundai Elantra V (MD) Рестайлинг,800000,2014,135000,седан,белый,1.8,150,Бензин,5250,автоматическая,передний,Левый,Не требует ремонта,3 или больше,Оригинал,1.1,Растаможен,https://auto.ru/cars/used/sale/hyundai/elantra/1103465915-171ab1bd/
Hyundai Elantra IV (HD),530000,2009,185000,седан,чёрный,1.6,122,Бензин,3050,автоматическая,передний,Левый,Не требует ремонта,2,Оригинал,,Растаможен,https://auto.ru/cars/used/sale/hyundai/elantra/1103145872-ef1442b7/
Hyundai Elantra VI (AD),950000,2017,99000,седан,белый,1.6,128,Бензин,4480,автоматическая,передний,Левый,Не требует ремонта,3 или больше,Оригинал,4.3,Растаможен,https://auto.ru/cars/used/sale/hyundai/elantra/1103877907-a82121c1/
Hyundai Elantra IV (HD),510000,2009,207000,седан,серебристый,1.6,122,Бензин,3050,автоматическая,передний,Левый,Не требует ремонта,2,Оригинал,6.8,Растаможен,https://auto.ru/cars/used/sale/hyundai/elantra/1102488245-c2626b5a/
Hyundai Elantra V (MD) Рестайлинг,700000,2014,92000,седан,белый,1.6,132,Бензин,4620,механическая,передний,Левый,Не требует ремонта,3 или больше,Оригинал,,Растаможен,https://auto.ru/cars/used/sale/hyundai/elantra/1104232771-8c5e1d91/
Hyundai Elantra IV (HD),500000,2010,244987,седан,чёрный,1.6,122,Бензин,3050,автоматическая,передний,Левый,Не требует ремонта,2,Оригинал,11.5,Растаможен,https://auto.ru/cars/used/sale/hyundai/elantra/1104768825-7b4a4b69/
Hyundai Elantra III (XD2) Рестайлинг,330000,2005,133000,седан,серый,2.0,139,Бензин,4865,автоматическая,передний,Левый,Не требует ремонта,2,Оригинал,,Растаможен,https://auto.ru/cars/used/sale/hyundai/elantra/1104766254-fd9167b1/
Hyundai Elantra IV (HD),450000,2008,153527,седан,золотистый,2.0,143,Бензин,5005,автоматическая,передний,Левый,Не требует ремонта,3 или больше,Оригинал,,Растаможен,https://auto.ru/cars/used/sale/hyundai/elantra/1101354911-7d657017/
Hyundai Elantra IV (HD),430000,2009,238230,седан,бежевый,1.6,122,Бензин,3050,автоматическая,передний,Левый,Не требует ремонта,2,Оригинал,10.4,Растаможен,https://auto.ru/cars/used/sale/hyundai/elantra/1104636948-7d2e7ae9/
Hyundai Elantra IV (HD),450000,2008,185000,седан,фиолетовый,1.6,122,Бензин,3050,механическая,передний,Левый,Не требует ремонта,2,Оригинал,,Растаможен,https://auto.ru/cars/used/sale/hyundai/elantra/1094918980-94ee91a7/
Hyundai Elantra IV (HD),380000,2009,131000,седан,синий,1.6,122,Бензин,3050,механическая,передний,Левый,Не требует ремонта,2,Оригинал,3.2,Растаможен,https://auto.ru/cars/used/sale/hyundai/elantra/1104847678-ea0ff217/
Hyundai Elantra V (MD) Рестайлинг,725000,2014,206000,седан,белый,1.6,132,Бензин,4620,автоматическая,передний,Левый,Не требует ремонта,3 или больше,Оригинал,,Растаможен,https://auto.ru/cars/used/sale/hyundai/elantra/1104683145-48a66d2b/
Hyundai Elantra III (XD2) Рестайлинг,220000,2005,137000,седан,синий,1.6,105,Бензин,2625,механическая,передний,Левый,Не требует ремонта,2,Оригинал,,Растаможен,https://auto.ru/cars/used/sale/hyundai/elantra/1103838244-bd425a54/
Hyundai Elantra IV (HD),570000,2009,229000,седан,синий,1.6,122,Бензин,3050,автоматическая,передний,Левый,Не требует ремонта,3 или больше,Оригинал,6.1,Растаможен,https://auto.ru/cars/used/sale/hyundai/elantra/1073442546-a78bb442/
Hyundai Elantra ТагАЗ III (XD2) Рестайлинг,360000,2010,218450,седан,чёрный,1.6,105,Бензин,2625,автоматическая,передний,Левый,Не требует ремонта,2,Оригинал,,Растаможен,https://auto.ru/cars/used/sale/hyundai/elantra/1104168489-a03061e6/
Hyundai Elantra III (XD),155000,2001,242000,хэтчбек 5 дв.,красный,2.0,139,Бензин,4865,автоматическая,передний,Левый,Не требует ремонта,3 или больше,Оригинал,7.6,Растаможен,https://auto.ru/cars/used/sale/hyundai/elantra/1104612705-fd2bd9c9/
Hyundai Elantra III (XD2) Рестайлинг,145000,2004,280000,седан,зелёный,1.6,105,Бензин,2625,механическая,передний,Левый,Не требует ремонта,3 или больше,Дубликат,,Растаможен,https://auto.ru/cars/used/sale/hyundai/elantra/1103794435-b2706148/
Hyundai Elantra V (MD),550000,2012,399999,седан,серебристый,1.6,132,Бензин,4620,автоматическая,передний,Левый,Не требует ремонта,3 или больше,Оригинал,,Растаможен,https://auto.ru/cars/used/sale/hyundai/elantra/1104700963-92b9b805/
Hyundai Elantra IV (HD),525000,2008,162000,седан,пурпурный,1.6,122,Бензин,3050,автоматическая,передний,Левый,Не требует ремонта,3 или больше,Оригинал,1.2,Растаможен,https://auto.ru/cars/used/sale/hyundai/elantra/1104015555-67947909/
Hyundai Elantra III (XD2) Рестайлинг,270000,2006,218684,седан,бежевый,1.6,105,Бензин,2625,механическая,передний,Левый,Не требует ремонта,2,Оригинал,15.1,Растаможен,https://auto.ru/cars/used/sale/hyundai/elantra/1104803716-fdce71ba/
Hyundai Elantra III (XD2) Рестайлинг,420000,2005,87000,седан,бежевый,1.6,105,Бензин,2625,механическая,передний,Левый,Не требует ремонта,2,Оригинал,,Растаможен,https://auto.ru/cars/used/sale/hyundai/elantra/1101286159-0f185b97/
Hyundai Elantra ТагАЗ III (XD2) Рестайлинг,330000,2008,183000,седан,бежевый,1.6,105,Бензин,2625,автоматическая,передний,Левый,Не требует ремонта,2,Оригинал,,Растаможен,https://auto.ru/cars/used/sale/hyundai/elantra/1103224793-fd973796/
Hyundai Elantra III (XD2) Рестайлинг,190000,2006,140000,седан,серый,1.6,105,Бензин,2625,механическая,передний,Левый,Не требует ремонта,3 или больше,Оригинал,,Растаможен,https://auto.ru/cars/used/sale/hyundai/elantra/1103263192-93f05483/
Hyundai Elantra III (XD2) Рестайлинг,300000,2004,236352,седан,синий,1.6,105,Бензин,2625,автоматическая,передний,Левый,Не требует ремонта,3 или больше,Оригинал,,Растаможен,https://auto.ru/cars/used/sale/hyundai/elantra/1104098506-2586e3c1/
Hyundai Elantra III (XD2) Рестайлинг,165000,2005,339000,седан,синий,1.8,132,Бензин,4620,механическая,передний,Левый,Не требует ремонта,3 или больше,Оригинал,,Растаможен,https://auto.ru/cars/used/sale/hyundai/elantra/1104203783-4d011eaf/
Hyundai Elantra IV (HD),300000,2007,200000,седан,чёрный,1.6,122,Бензин,3050,механическая,передний,Левый,Не требует ремонта,3 или больше,Оригинал,6.2,Растаможен,https://auto.ru/cars/used/sale/hyundai/elantra/1101526612-88467a63/
Hyundai Elantra III (XD2) Рестайлинг,200000,2004,190000,седан,красный,1.6,105,Бензин,2625,механическая,передний,Левый,Не требует ремонта,1,Оригинал,16.6,Растаможен,https://auto.ru/cars/used/sale/hyundai/elantra/1103236987-cf4cf967/
Hyundai Elantra III (XD2) Рестайлинг,200000,2004,260000,седан,бежевый,1.6,107,Бензин,2675,механическая,передний,Левый,Не требует ремонта,3 или больше,Оригинал,,Растаможен,https://auto.ru/cars/used/sale/hyundai/elantra/1103959380-a7d4e6bb/
Hyundai Elantra IV (HD),415000,2010,355500,седан,чёрный,1.6,122,Бензин,3050,автоматическая,передний,Левый,Не требует ремонта,3 или больше,Оригинал,5.4,Растаможен,https://auto.ru/cars/used/sale/hyundai/elantra/1104762360-43918008/
Hyundai Elantra III (XD2) Рестайлинг,300000,2006,138300,хэтчбек 5 дв.,серебристый,1.8,132,Бензин,4620,механическая,передний,Левый,Не требует ремонта,1,Оригинал,15.1,Растаможен,https://auto.ru/cars/used/sale/hyundai/elantra/1104616532-9dff2ef1/
Hyundai Elantra III (XD2) Рестайлинг,255000,2005,226000,седан,серый,1.6,105,Бензин,2625,механическая,передний,Левый,Не требует ремонта,2,Оригинал,,Растаможен,https://auto.ru/cars/used/sale/hyundai/elantra/1104277623-da3fda45/
Hyundai Elantra III (XD2) Рестайлинг,230000,2004,153000,седан,чёрный,2.0,143,Бензин,5005,автоматическая,передний,Левый,Не требует ремонта,3 или больше,Оригинал,7.3,Растаможен,https://auto.ru/cars/used/sale/hyundai/elantra/1103461650-2969ec6f/
Hyundai Elantra ТагАЗ III (XD2) Рестайлинг,320000,2009,173500,седан,чёрный,1.6,105,Бензин,2625,автоматическая,передний,Левый,Не требует ремонта,3 или больше,Оригинал,,Растаможен,https://auto.ru/cars/used/sale/hyundai/elantra/1104711107-43fcd143/
Hyundai Elantra ТагАЗ III (XD2) Рестайлинг,420000,2008,88888,седан,бежевый,1.6,105,Бензин,2625,механическая,передний,Левый,Не требует ремонта,1,Оригинал,12.8,Растаможен,https://auto.ru/cars/used/sale/hyundai/elantra/1104273654-3b4a599d/
Hyundai Elantra ТагАЗ III (XD2) Рестайлинг,300000,2008,117561,седан,серебристый,1.6,105,Бензин,2625,механическая,передний,Левый,Не требует ремонта,3 или больше,Оригинал,6.4,Растаможен,https://auto.ru/cars/used/sale/hyundai/elantra/1104837980-be996fd3/
Hyundai Elantra III (XD2) Рестайлинг,340000,2004,88000,седан,золотистый,1.6,105,Бензин,2625,механическая,передний,Левый,Не требует ремонта,1,Оригинал,,Растаможен,https://auto.ru/cars/used/sale/hyundai/elantra/1104798448-f9ff3d98/
Hyundai Elantra III (XD2) Рестайлинг,300000,2004,252000,седан,чёрный,2.0,143,Бензин,5005,автоматическая,передний,Левый,Не требует ремонта,3 или больше,Оригинал,,Растаможен,https://auto.ru/cars/used/sale/hyundai/elantra/1104655371-5017db5f/
Hyundai Elantra III (XD),240000,2003,139000,седан,серый,2.0,139,Бензин,4865,автоматическая,передний,Левый,Не требует ремонта,3 или больше,Оригинал,,Растаможен,https://auto.ru/cars/used/sale/hyundai/elantra/1103923498-bbf54635/
Hyundai Elantra III (XD),160000,2002,257000,седан,чёрный,2.0,139,Бензин,4865,автоматическая,передний,Левый,Не требует ремонта,3 или больше,Дубликат,4.3,Растаможен,https://auto.ru/cars/used/sale/hyundai/elantra/1104704637-5b4387a8/
Hyundai Elantra IV (HD),440000,2008,255000,седан,фиолетовый,1.6,122,Бензин,3050,механическая,передний,Левый,Не требует ремонта,3 или больше,Оригинал,6.5,Растаможен,https://auto.ru/cars/used/sale/hyundai/elantra/1104720669-e5bf8aad/
Hyundai Elantra IV (HD),380000,2007,150000,седан,красный,1.6,122,Бензин,3050,автоматическая,передний,Левый,Не требует ремонта,3 или больше,Оригинал,11.9,Растаможен,https://auto.ru/cars/used/sale/hyundai/elantra/1102560891-0bc07563/
Hyundai Elantra III (XD2) Рестайлинг,355000,2004,283000,седан,синий,1.6,105,Бензин,2625,механическая,передний,Левый,Не требует ремонта,3 или больше,Дубликат,,Растаможен,https://auto.ru/cars/used/sale/hyundai/elantra/1104058953-ad85a442/
Hyundai Elantra III (XD2) Рестайлинг,270000,2003,190000,седан,коричневый,1.6,107,Бензин,2675,механическая,передний,Левый,Не требует ремонта,3 или больше,Оригинал,,Растаможен,https://auto.ru/cars/used/sale/hyundai/elantra/1104826207-c4bb52a8/
Hyundai Elantra III (XD2) Рестайлинг,220000,2006,289000,седан,серебристый,1.6,105,Бензин,2625,механическая,передний,Левый,Не требует ремонта,3 или больше,Оригинал,3.3,Растаможен,https://auto.ru/cars/used/sale/hyundai/elantra/1103520033-8489a712/
Hyundai Elantra III (XD2) Рестайлинг,360000,2005,201300,седан,бежевый,1.6,107,Бензин,2675,механическая,передний,Левый,Не требует ремонта,3 или больше,Оригинал,,Растаможен,https://auto.ru/cars/used/sale/hyundai/elantra/1104835753-eafe620a/
Hyundai Elantra III (XD2) Рестайлинг,215000,2003,266000,седан,синий,1.6,107,Бензин,2675,автоматическая,передний,Левый,Не требует ремонта,3 или больше,Оригинал,1.4,Растаможен,https://auto.ru/cars/used/sale/hyundai/elantra/1104847187-7dc6ab0f/
Hyundai Elantra III (XD2) Рестайлинг,270000,2006,191000,седан,серебристый,1.6,105,Бензин,2625,автоматическая,передний,Левый,Не требует ремонта,3 или больше,Дубликат,,Растаможен,https://auto.ru/cars/used/sale/hyundai/elantra/1104231281-4a628186/
Hyundai Elantra III (XD2) Рестайлинг,228000,2004,206000,седан,серебристый,1.6,105,Бензин,2625,механическая,передний,Левый,Не требует ремонта,3 или больше,Дубликат,,Растаможен,https://auto.ru/cars/used/sale/hyundai/elantra/1104660521-0cefe139/
Hyundai Elantra VI (AD) Рестайлинг,995000,2019,140000,седан,белый,1.6,128,Бензин,3200,механическая,передний,Левый,Не требует ремонта,2,Оригинал,,Растаможен,https://auto.ru/cars/used/sale/hyundai/elantra/1103019263-428eef2f/
Hyundai Elantra IV (HD),430000,2010,219000,седан,синий,1.6,122,Бензин,3562,механическая,передний,Левый,Не требует ремонта,2,Оригинал,,Растаможен,https://auto.ru/cars/used/sale/hyundai/elantra/1104731646-df57c7f0/
Hyundai Elantra III (XD2) Рестайлинг,234000,2005,294000,седан,бежевый,1.6,105,Бензин,3570,механическая,передний,Левый,Не требует ремонта,3 или больше,Дубликат,,Растаможен,https://auto.ru/cars/used/sale/hyundai/elantra/1104762965-987bc73f/
Hyundai Elantra III (XD2) Рестайлинг,210000,2005,280000,седан,чёрный,1.8,132,Бензин,4488,механическая,передний,Левый,Не требует ремонта,3 или больше,Дубликат,,Растаможен,https://auto.ru/cars/used/sale/hyundai/elantra/1104002642-ef7787fb/
Hyundai Elantra VI (AD) Рестайлинг,1220000,2020,18250,седан,серый,2.0,150,Бензин,3150,автоматическая,передний,Левый,Не требует ремонта,2,Оригинал,,Растаможен,https://auto.ru/cars/used/sale/hyundai/elantra/1104195597-f9e2002f/
Hyundai Elantra VI (AD),850000,2016,112897,седан,красный,1.6,128,Бензин,4352,автоматическая,передний,Левый,Не требует ремонта,2,Оригинал,,Растаможен,https://auto.ru/cars/used/sale/hyundai/elantra/1104802886-71b16bba/
Hyundai Elantra V (MD) Рестайлинг,820000,2015,172098,седан,белый,1.6,132,Бензин,4488,автоматическая,передний,Левый,Не требует ремонта,1,Оригинал,,Растаможен,https://auto.ru/cars/used/sale/hyundai/elantra/1104779249-356b713f/
Hyundai Elantra V (MD),670000,2012,150000,седан,серый,1.6,132,Бензин,3854,механическая,передний,Левый,Не требует ремонта,3 или больше,Оригинал,,Растаможен,https://auto.ru/cars/used/sale/hyundai/elantra/1104892248-fc43d53f/
Hyundai Elantra V (MD),755000,2013,153000,седан,красный,1.6,132,Бензин,4488,автоматическая,передний,Левый,Не требует ремонта,1,Оригинал,7.4,Растаможен,https://auto.ru/cars/used/sale/hyundai/elantra/1104892238-a41e7779/
Hyundai Elantra III (XD2) Рестайлинг,209000,2005,224500,хэтчбек 5 дв.,чёрный,1.6,105,Бензин,3570,механическая,передний,Левый,Не требует ремонта,3 или больше,Оригинал,8.1,Растаможен,https://auto.ru/cars/used/sale/hyundai/elantra/1104858781-051f82c8/
Hyundai Elantra IV (HD),600000,2007,160000,седан,красный,1.6,122,Бензин,4148,механическая,передний,Левый,Не требует ремонта,2,Оригинал,9.3,Растаможен,https://auto.ru/cars/used/sale/hyundai/elantra/1104888159-4a715fe9/
Hyundai Elantra V (MD) Рестайлинг,929000,2015,76553,седан,оранжевый,1.6,132,Бензин,3960,автоматическая,передний,Левый,Не требует ремонта,1,Оригинал,,Растаможен,https://auto.ru/cars/used/sale/hyundai/elantra/1104727359-55dac7e7/
Hyundai Elantra VI (AD),1129000,2018,61610,седан,синий,2.0,150,Бензин,4380,автоматическая,передний,Левый,Не требует ремонта,1,Оригинал,,Растаможен,https://auto.ru/cars/used/sale/hyundai/elantra/1103533780-32f0e56a/
Hyundai Elantra III (XD2) Рестайлинг,349000,2005,190000,седан,чёрный,1.6,105,Бензин,3066,механическая,передний,Левый,Не требует ремонта,3 или больше,Дубликат,8.7,Растаможен,https://auto.ru/cars/used/sale/hyundai/elantra/1104885797-0c9c0fa1/
Hyundai Elantra VI (AD),1140000,2018,75000,седан,белый,2.0,150,Бензин,5100,автоматическая,передний,Левый,Не требует ремонта,1,Оригинал,,Растаможен,https://auto.ru/cars/used/sale/hyundai/elantra/1104643554-ffd1adb6/
Hyundai Elantra IV (HD),415000,2008,158138,седан,фиолетовый,1.6,122,Бензин,3562,автоматическая,передний,Левый,Не требует ремонта,3 или больше,Дубликат,,Растаможен,https://auto.ru/cars/used/sale/hyundai/elantra/1103612411-6a4c7fe6/
Hyundai Elantra V (MD) Рестайлинг,900000,2015,49087,седан,чёрный,1.6,132,Бензин,2640,автоматическая,передний,Левый,Не требует ремонта,1,Оригинал,,Растаможен,https://auto.ru/cars/used/sale/hyundai/elantra/1104881028-300957d8/
Hyundai Elantra VII (CN7),1914000,2021,26,седан,белый,2.0,150,Бензин,5100,автоматическая,передний,Левый,Не требует ремонта,1,Оригинал,,Растаможен,https://auto.ru/cars/used/sale/hyundai/elantra/1104611575-4a6dbeac/
Hyundai Elantra V (MD),690000,2013,250000,седан,серебристый,1.6,132,Бензин,2772,механическая,передний,Левый,Не требует ремонта,3 или больше,Оригинал,1.1,Растаможен,https://auto.ru/cars/used/sale/hyundai/elantra/1104686648-a5238727/
Hyundai Elantra ТагАЗ III (XD2) Рестайлинг,205600,2008,224627,седан,серый,1.6,105,Бензин,3066,механическая,передний,Левый,Не требует ремонта,3 или больше,Оригинал,,Растаможен,https://auto.ru/cars/used/sale/hyundai/elantra/1104039684-f48e3934/
Hyundai Elantra VI (AD),1040000,2018,83000,седан,серый,1.6,128,Бензин,3738,автоматическая,передний,Левый,Не требует ремонта,2,Оригинал,,Растаможен,https://auto.ru/cars/used/sale/hyundai/elantra/1103872477-ec991cc7/
Hyundai Elantra III (XD2) Рестайлинг,230000,2005,250000,седан,жёлтый,1.6,107,Бензин,3638,механическая,передний,Левый,Не требует ремонта,3 или больше,Оригинал,,Растаможен,https://auto.ru/cars/used/sale/hyundai/elantra/1104002379-9385b240/
Hyundai Elantra IV (HD),370000,2007,228000,седан,чёрный,1.6,122,Бензин,2440,механическая,передний,Левый,Не требует ремонта,3 или больше,Оригинал,,Растаможен,https://auto.ru/cars/used/sale/hyundai/elantra/1104873837-8e1caee7/
Hyundai Elantra V (MD) Рестайлинг,749000,2013,120000,седан,чёрный,1.6,132,Бензин,4488,автоматическая,передний,Левый,Не требует ремонта,3 или больше,Оригинал,,Растаможен,https://auto.ru/cars/used/sale/hyundai/elantra/1104870097-81b20f45/
Hyundai Elantra IV (HD),350000,2007,265000,седан,чёрный,1.6,122,Бензин,2440,механическая,передний,Левый,Не требует ремонта,3 или больше,Оригинал,,Растаможен,https://auto.ru/cars/used/sale/hyundai/elantra/1104862906-2bcae335/
Hyundai Elantra III (XD2) Рестайлинг,120000,2004,267000,седан,синий,1.6,107,Бензин,2675,механическая,передний,Левый,Не требует ремонта,3 или больше,Оригинал,,Растаможен,https://auto.ru/cars/used/sale/hyundai/elantra/1104866338-333d265d/
Hyundai Elantra VI (AD) Рестайлинг,1550000,2019,38000,седан,белый,2.0,150,Бензин,4500,механическая,передний,Левый,Не требует ремонта,1,Оригинал,2.2,Растаможен,https://auto.ru/cars/used/sale/hyundai/elantra/1104245285-cf0c4eac/
Hyundai Elantra V (MD),485000,2014,234250,седан,красный,1.6,132,Бензин,4620,механическая,передний,Левый,Не требует ремонта,2,Оригинал,,Растаможен,https://auto.ru/cars/used/sale/hyundai/elantra/1102883469-fbc5136c/
Hyundai Elantra IV (HD),410000,2008,300000,седан,бежевый,1.6,122,Бензин,3562,механическая,передний,Левый,Не требует ремонта,2,Оригинал,,Растаможен,https://auto.ru/cars/used/sale/hyundai/elantra/1102797198-0ea7e1f0/
Hyundai Elantra III (XD2) Рестайлинг,299000,2005,400000,седан,серебристый,1.8,132,Бензин,4488,механическая,передний,Левый,Не требует ремонта,3 или больше,Оригинал,,Растаможен,https://auto.ru/cars/used/sale/hyundai/elantra/1102791730-dad074da/
Hyundai Elantra III (XD),190000,2003,174015,седан,чёрный,2.0,139,Бензин,4726,автоматическая,передний,Левый,Не требует ремонта,3 или больше,Оригинал,,Растаможен,https://auto.ru/cars/used/sale/hyundai/elantra/1104203502-cc20ad67/
Hyundai Elantra III (XD2) Рестайлинг,150000,2004,259300,хэтчбек 5 дв.,жёлтый,1.6,107,Бензин,3638,механическая,передний,Левый,Не требует ремонта,3 или больше,Дубликат,,Растаможен,https://auto.ru/cars/used/sale/hyundai/elantra/1104750561-3bb2f82e/
Hyundai Elantra III (XD2) Рестайлинг,138000,2004,386088,седан,серебристый,1.6,107,Бензин,2140,механическая,передний,Левый,Не требует ремонта,3 или больше,Оригинал,,Растаможен,https://auto.ru/cars/used/sale/hyundai/elantra/1104189383-4dafb538/
Hyundai Elantra III (XD),135000,2002,250000,седан,серебристый,2.0,143,Бензин,2860,механическая,передний,Левый,Не требует ремонта,3 или больше,Оригинал,,Растаможен,https://auto.ru/cars/used/sale/hyundai/elantra/1104685129-cda478ec/
Hyundai Elantra VI (AD),1100000,2018,91300,седан,чёрный,2.0,150,Бензин,5100,автоматическая,передний,Левый,Не требует ремонта,1,Оригинал,,Растаможен,https://auto.ru/cars/used/sale/hyundai/elantra/1102357870-ca2dc8d1/
Hyundai Elantra III (XD2) Рестайлинг,228399,2004,245000,седан,серебристый,1.6,105,Бензин,3570,автоматическая,передний,Левый,Не требует ремонта,3 или больше,Дубликат,,Растаможен,https://auto.ru/cars/used/sale/hyundai/elantra/1104705773-29cc13c6/
Hyundai Elantra III (XD2) Рестайлинг,250000,2005,190000,седан,красный,1.6,105,Бензин,3150,автоматическая,передний,Левый,Не требует ремонта,3 или больше,Дубликат,,Растаможен,https://auto.ru/cars/used/sale/hyundai/elantra/1103920340-dcc5c9a2/
Hyundai Elantra IV (HD),400000,2008,172000,седан,фиолетовый,1.6,105,Бензин,3150,механическая,передний,Левый,Не требует ремонта,3 или больше,Оригинал,,Растаможен,https://auto.ru/cars/used/sale/hyundai/elantra/1104615918-9c8fd4ed/
Hyundai Elantra VI (AD),1300000,2017,36443,седан,серый,2.0,150,Бензин,5100,автоматическая,передний,Левый,Не требует ремонта,1,Оригинал,,Растаможен,https://auto.ru/cars/used/sale/hyundai/elantra/1103903627-6dd514b0/
Hyundai Elantra VI (AD),800000,2016,121343,седан,серый,1.6,128,Бензин,2560,механическая,передний,Левый,Не требует ремонта,2,Оригинал,,Растаможен,https://auto.ru/cars/used/sale/hyundai/elantra/1103966218-8dff3e11/
Hyundai Elantra III (XD),110000,2002,210000,седан,чёрный,1.6,122,Бензин,4148,механическая,передний,Левый,Не требует ремонта,3 или больше,Оригинал,5.3,Растаможен,https://auto.ru/cars/used/sale/hyundai/elantra/1104632751-34daf355/
Hyundai Elantra IV (HD),356000,2008,234000,седан,голубой,1.6,122,Бензин,3660,механическая,передний,Левый,Не требует ремонта,3 или больше,Оригинал,,Растаможен,https://auto.ru/cars/used/sale/hyundai/elantra/1104658245-99e0e7b2/
Hyundai Elantra IV (HD),425000,2008,181203,седан,фиолетовый,1.6,122,Бензин,3562,механическая,передний,Левый,Не требует ремонта,3 или больше,Оригинал,,Растаможен,https://auto.ru/cars/used/sale/hyundai/elantra/1104825871-cab826db/
Hyundai Elantra III (XD2) Рестайлинг,200000,2005,323000,седан,серый,1.6,105,Бензин,3570,механическая,передний,Левый,Не требует ремонта,3 или больше,Оригинал,,Растаможен,https://auto.ru/cars/used/sale/hyundai/elantra/1104785037-b39d73cb/
Hyundai Elantra VI (AD),925000,2017,61641,седан,серебристый,1.6,128,Бензин,3200,механическая,передний,Левый,Не требует ремонта,2,Оригинал,3.4,Растаможен,https://auto.ru/cars/used/sale/hyundai/elantra/1103680319-7cb2bf4d/
Hyundai Elantra VI (AD),845000,2016,150000,седан,белый,1.6,128,Бензин,4352,автоматическая,передний,Левый,Не требует ремонта,3 или больше,Оригинал,,Растаможен,https://auto.ru/cars/used/sale/hyundai/elantra/1104154707-23459cce/
Hyundai Elantra VI (AD),1050000,2017,143000,седан,серый,1.6,128,Бензин,4480,автоматическая,передний,Левый,Не требует ремонта,1,Оригинал,,Растаможен,https://auto.ru/cars/used/sale/hyundai/elantra/1102578231-7176e345/
Hyundai Elantra III (XD2) Рестайлинг,160000,2005,310000,седан,бежевый,1.6,105,Бензин,3570,механическая,передний,Левый,Не требует ремонта,2,Оригинал,1.1,Растаможен,https://auto.ru/cars/used/sale/hyundai/elantra/1104728399-4b882e9b/
Hyundai Elantra VI (AD),950000,2016,146000,седан,серебристый,1.6,128,Бензин,4352,автоматическая,передний,Левый,Не требует ремонта,2,Оригинал,,Растаможен,https://auto.ru/cars/used/sale/hyundai/elantra/1104105996-8d6b0e49/
Hyundai Elantra V (MD) Рестайлинг,750000,2015,207000,седан,белый,1.8,150,Бензин,5100,автоматическая,передний,Левый,Не требует ремонта,3 или больше,Оригинал,6.5,Растаможен,https://auto.ru/cars/used/sale/hyundai/elantra/1103746356-35b42526/
Hyundai Elantra V (MD) Рестайлинг,840000,2014,62000,седан,серебристый,1.6,132,"Бензин, газобаллонное оборудование",4488,механическая,передний,Левый,Не требует ремонта,3 или больше,Оригинал,,Растаможен,https://auto.ru/cars/used/sale/hyundai/elantra/1102844777-48978cd9/
Hyundai Elantra VI (AD),1200000,2016,148000,седан,чёрный,2.0,150,Бензин,5100,автоматическая,передний,Левый,Не требует ремонта,3 или больше,Оригинал,4.3,Растаможен,https://auto.ru/cars/used/sale/hyundai/elantra/1104772310-15b0104b/
Hyundai Elantra III (XD),120000,2001,300000,седан,серый,2.0,139,Бензин,4726,автоматическая,передний,Левый,Не требует ремонта,3 или больше,Оригинал,6.5,Растаможен,https://auto.ru/cars/used/sale/hyundai/elantra/1103994676-ec2129a7/
Hyundai Elantra V (MD),740000,2012,117727,седан,серый,1.6,132,Бензин,2772,механическая,передний,Левый,Не требует ремонта,2,Оригинал,,Растаможен,https://auto.ru/cars/used/sale/hyundai/elantra/1103939359-f1c3a87e/
Hyundai Elantra VI (AD),930000,2016,135100,седан,серый,1.6,128,Бензин,3840,автоматическая,передний,Левый,Не требует ремонта,3 или больше,Дубликат,,Растаможен,https://auto.ru/cars/used/sale/hyundai/elantra/1103493729-9004d0ac/
Hyundai Elantra V (MD),700000,2011,250000,седан,серый,1.6,132,Бензин,4488,автоматическая,передний,Левый,Не требует ремонта,2,Оригинал,,Растаможен,https://auto.ru/cars/used/sale/hyundai/elantra/1104660946-15a7f121/
Hyundai Elantra V (MD) Рестайлинг,810000,2014,116000,седан,белый,1.8,150,Бензин,5100,автоматическая,передний,Левый,Не требует ремонта,3 или больше,Оригинал,2.8,Растаможен,https://auto.ru/cars/used/sale/hyundai/elantra/1104837210-14b79de1/
Hyundai Elantra IV (HD),415000,2008,184234,седан,серый,2.0,143,Бензин,4862,автоматическая,передний,Левый,Не требует ремонта,2,Оригинал,,Растаможен,https://auto.ru/cars/used/sale/hyundai/elantra/1103232742-150a30c6/
Hyundai Elantra V (MD),640000,2011,199700,седан,красный,1.6,132,Бензин,4488,автоматическая,передний,Левый,Не требует ремонта,2,Оригинал,5.2,Растаможен,https://auto.ru/cars/used/sale/hyundai/elantra/1104598537-277ba92c/
Hyundai Elantra IV (HD),499999,2009,110000,седан,чёрный,1.6,122,Бензин,4148,автоматическая,передний,Левый,Не требует ремонта,2,Оригинал,,Растаможен,https://auto.ru/cars/used/sale/hyundai/elantra/1104191153-abf23efa/
Hyundai Elantra IV (HD),380000,2009,78000,седан,бежевый,1.6,122,Бензин,4148,автоматическая,передний,Левый,Не требует ремонта,3 или больше,Оригинал,,Растаможен,https://auto.ru/cars/used/sale/hyundai/elantra/1104644351-2e80b373/
Hyundai Elantra III (XD),100000,2001,356644,седан,чёрный,2.0,139,Бензин,4726,автоматическая,передний,Левый,Не требует ремонта,3 или больше,Оригинал,,Растаможен,https://auto.ru/cars/used/sale/hyundai/elantra/1104635403-f0b22a84/
Hyundai Elantra V (MD) Рестайлинг,715000,2015,140000,седан,серый,1.6,132,Бензин,4488,механическая,передний,Левый,Не требует ремонта,3 или больше,Оригинал,2.2,Растаможен,https://auto.ru/cars/used/sale/hyundai/elantra/1104818748-b49c82f4/
Hyundai Elantra V (MD),630000,2012,76000,седан,голубой,1.6,132,Бензин,3854,механическая,передний,Левый,Не требует ремонта,3 или больше,Дубликат,,Растаможен,https://auto.ru/cars/used/sale/hyundai/elantra/1103826518-d66ecd59/
Hyundai Elantra III (XD2) Рестайлинг,180000,2005,205000,седан,бежевый,1.6,105,Бензин,3066,механическая,передний,Левый,Не требует ремонта,3 или больше,Оригинал,,Растаможен,https://auto.ru/cars/used/sale/hyundai/elantra/1104859725-327bb9ef/
Hyundai Elantra IV (HD),550000,2007,55000,седан,пурпурный,1.6,122,Бензин,2562,механическая,передний,Левый,Не требует ремонта,1,Оригинал,13.5,Растаможен,https://auto.ru/cars/used/sale/hyundai/elantra/1103916864-66b421e2/
Hyundai Elantra IV (HD),480000,2010,170000,седан,белый,1.6,122,Бензин,4148,автоматическая,передний,Левый,Не требует ремонта,1,Оригинал,,Растаможен,https://auto.ru/cars/used/sale/hyundai/elantra/1104854853-16af5cb4/
Hyundai Elantra III (XD2) Рестайлинг,210000,2005,260000,седан,пурпурный,1.8,132,Бензин,4488,автоматическая,передний,Левый,Не требует ремонта,3 или больше,Дубликат,8.7,Растаможен,https://auto.ru/cars/used/sale/hyundai/elantra/1104655518-dd525caf/
Hyundai Elantra III (XD),175000,2001,189043,седан,серебристый,2.0,139,Бензин,4726,автоматическая,передний,Левый,Не требует ремонта,3 или больше,Оригинал,6.2,Растаможен,https://auto.ru/cars/used/sale/hyundai/elantra/1104846618-5e1d1b27/
Hyundai Elantra III (XD),140000,2002,200000,седан,золотистый,2.0,143,Бензин,4862,автоматическая,передний,Левый,Не требует ремонта,3 или больше,Оригинал,,Растаможен,https://auto.ru/cars/used/sale/hyundai/elantra/1104777419-0a3ea2aa/
Hyundai Elantra III (XD2) Рестайлинг,180000,2004,249000,хэтчбек 5 дв.,серебристый,1.6,105,Бензин,3570,механическая,передний,Левый,Не требует ремонта,3 или больше,Оригинал,,Растаможен,https://auto.ru/cars/used/sale/hyundai/elantra/1104155768-d83016fd/
Hyundai Elantra III (XD2) Рестайлинг,295000,2006,290000,седан,чёрный,1.6,105,Бензин,3570,механическая,передний,Левый,Не требует ремонта,3 или больше,Дубликат,,Растаможен,https://auto.ru/cars/used/sale/hyundai/elantra/1103490915-ae565fb0/
Hyundai Elantra III (XD),150000,2002,156149,седан,чёрный,1.6,107,Бензин,2675,автоматическая,передний,Левый,Не требует ремонта,3 или больше,Дубликат,,Растаможен,https://auto.ru/cars/used/sale/hyundai/elantra/1103990754-80d7960d/
Hyundai Elantra V (MD),695000,2012,174845,седан,коричневый,1.6,132,Бензин,2772,автоматическая,передний,Левый,Не требует ремонта,1,Оригинал,,Растаможен,https://auto.ru/cars/used/sale/hyundai/elantra/1104270801-e6d479b0/
Hyundai Elantra V (MD) Рестайлинг,795000,2015,167500,седан,бежевый,1.6,132,Бензин,4488,автоматическая,передний,Левый,Не требует ремонта,3 или больше,Оригинал,,Растаможен,https://auto.ru/cars/used/sale/hyundai/elantra/1104840808-07f64e8b/
Hyundai Elantra III (XD2) Рестайлинг,454000,2005,140495,седан,серый,1.8,132,Бензин,4488,механическая,передний,Левый,Не требует ремонта,3 или больше,Оригинал,,Растаможен,https://auto.ru/cars/used/sale/hyundai/elantra/1094213964-9649c5a8/
Hyundai Elantra IV (HD),300000,2009,335000,седан,фиолетовый,1.6,122,Бензин,3050,механическая,передний,Левый,Не требует ремонта,3 или больше,Дубликат,5.8,Растаможен,https://auto.ru/cars/used/sale/hyundai/elantra/1104102706-0673bf4a/
Hyundai Elantra ТагАЗ III (XD2) Рестайлинг,280000,2009,295000,седан,чёрный,1.6,105,Бензин,3570,автоматическая,передний,Левый,Не требует ремонта,3 или больше,Оригинал,4.8,Растаможен,https://auto.ru/cars/used/sale/hyundai/elantra/1102948135-9b03aee6/
Hyundai Elantra III (XD2) Рестайлинг,170000,2006,248000,седан,бежевый,1.6,105,Бензин,3570,механическая,передний,Левый,Не требует ремонта,3 или больше,Оригинал,,Растаможен,https://auto.ru/cars/used/sale/hyundai/elantra/1104244880-6fdd17ab/
"Hyundai Elantra II (J2, J3)",150000,1999,205657,седан,серый,2.0,139,Бензин,4726,автоматическая,передний,Левый,Не требует ремонта,3 или больше,Оригинал,2.6,Растаможен,https://auto.ru/cars/used/sale/hyundai/elantra/1104726014-5eea0e44/
Hyundai Elantra III (XD),170000,2002,285000,седан,синий,1.6,107,Бензин,2247,механическая,передний,Левый,Не требует ремонта,3 или больше,Оригинал,,Растаможен,https://auto.ru/cars/used/sale/hyundai/elantra/1102401357-2814e3e9/
Hyundai Elantra III (XD),100000,2001,350000,седан,синий,1.6,107,Бензин,2140,механическая,передний,Левый,Не требует ремонта,3 или больше,Оригинал,,Растаможен,https://auto.ru/cars/used/sale/hyundai/elantra/1103771828-9c207bc4/
Hyundai Elantra ТагАЗ III (XD2) Рестайлинг,260000,2010,300000,седан,бежевый,1.6,105,Бензин,3066,механическая,передний,Левый,Не требует ремонта,2,Оригинал,3.3,Растаможен,https://auto.ru/cars/used/sale/hyundai/elantra/1103325894-32576361/
Hyundai Elantra IV (HD),285000,2007,236368,седан,пурпурный,1.6,122,Бензин,4148,механическая,передний,Левый,Не требует ремонта,3 или больше,Оригинал,8.8,Растаможен,https://auto.ru/cars/used/sale/hyundai/elantra/1104785485-eeef1a98/
Hyundai Elantra ТагАЗ III (XD2) Рестайлинг,325000,2009,197819,седан,серый,1.6,105,Бензин,3570,автоматическая,передний,Левый,Не требует ремонта,3 или больше,Оригинал,6.3,Растаможен,https://auto.ru/cars/used/sale/hyundai/elantra/1104747502-743eb4c8/
Hyundai Elantra III (XD2) Рестайлинг,225000,2005,205000,седан,синий,1.6,107,Бензин,3638,механическая,передний,Левый,Не требует ремонта,3 или больше,Оригинал,,Растаможен,https://auto.ru/cars/used/sale/hyundai/elantra/1103249114-4b9a79e0/
Hyundai Elantra IV (HD),450000,2009,165000,седан,серебристый,1.6,122,Бензин,4148,механическая,передний,Левый,Не требует ремонта,3 или больше,Оригинал,1.9,Растаможен,https://auto.ru/cars/used/sale/hyundai/elantra/1104820945-2b599a91/
Hyundai Elantra III (XD2) Рестайлинг,250000,2006,300000,седан,коричневый,1.8,132,Бензин,4488,механическая,передний,Левый,Не требует ремонта,3 или больше,Оригинал,,Растаможен,https://auto.ru/cars/used/sale/hyundai/elantra/1103654020-fcd2cbcb/
Hyundai Elantra ТагАЗ III (XD2) Рестайлинг,350000,2008,101000,седан,чёрный,1.6,105,Бензин,3570,механическая,передний,Левый,Не требует ремонта,3 или больше,Оригинал,,Растаможен,https://auto.ru/cars/used/sale/hyundai/elantra/1104686281-0aff63d5/
Hyundai Elantra V (MD),590000,2011,187654,седан,коричневый,1.6,132,Бензин,3854,автоматическая,передний,Левый,Не требует ремонта,3 или больше,Оригинал,,Растаможен,https://auto.ru/cars/used/sale/hyundai/elantra/1104702658-27578544/
Hyundai Elantra III (XD),280000,2001,220000,седан,синий,2.0,143,Бензин,4862,автоматическая,передний,Левый,Не требует ремонта,3 или больше,Дубликат,,Растаможен,https://auto.ru/cars/used/sale/hyundai/elantra/1104851745-e7be5870/
Hyundai Elantra III (XD2) Рестайлинг,280000,2004,196000,седан,серый,1.6,105,Бензин,3570,автоматическая,передний,Левый,Не требует ремонта,3 или больше,Дубликат,,Растаможен,https://auto.ru/cars/used/sale/hyundai/elantra/1104160011-5154beec/
Hyundai Elantra ТагАЗ III (XD2) Рестайлинг,340000,2008,203200,седан,чёрный,1.6,105,Бензин,3570,механическая,передний,Левый,Не требует ремонта,3 или больше,Оригинал,8.5,Растаможен,https://auto.ru/cars/used/sale/hyundai/elantra/1104665928-8ef49602/
Hyundai Elantra ТагАЗ III (XD2) Рестайлинг,270000,2009,150000,седан,серебристый,1.6,105,Бензин,3570,механическая,передний,Левый,Не требует ремонта,3 или больше,Оригинал,,Растаможен,https://auto.ru/cars/used/sale/hyundai/elantra/1103261785-a424d2c6/
Hyundai Elantra III (XD2) Рестайлинг,200000,2006,130000,седан,серебристый,1.6,105,Бензин,2100,механическая,передний,Левый,Не требует ремонта,3 или больше,Оригинал,1.1,Растаможен,https://auto.ru/cars/used/sale/hyundai/elantra/1104818288-e6066ad8/
Hyundai Elantra IV (HD),400000,2008,173000,седан,серебристый,1.6,122,Бензин,4148,механическая,передний,Левый,Не требует ремонта,3 или больше,Оригинал,1.8,Растаможен,https://auto.ru/cars/used/sale/hyundai/elantra/1104026269-bb4ff4d9/
Hyundai Elantra III (XD),225000,2003,160000,седан,серебристый,2.0,139,Бензин,4726,автоматическая,передний,Левый,Не требует ремонта,3 или больше,Оригинал,,Растаможен,https://auto.ru/cars/used/sale/hyundai/elantra/1104827858-7572ebef/
Hyundai Elantra III (XD2) Рестайлинг,250000,2004,191000,хэтчбек 5 дв.,серебристый,1.6,105,Бензин,3570,автоматическая,передний,Левый,Не требует ремонта,3 или больше,Оригинал,3.8,Растаможен,https://auto.ru/cars/used/sale/hyundai/elantra/1104659768-e960eddc/
Hyundai Elantra III (XD2) Рестайлинг,130000,2004,220000,седан,серебристый,1.6,105,Бензин,2205,механическая,передний,Левый,Не требует ремонта,3 или больше,Дубликат,,Растаможен,https://auto.ru/cars/used/sale/hyundai/elantra/1103880502-375fb7d9/
Hyundai Elantra ТагАЗ III (XD2) Рестайлинг,300000,2008,295000,седан,чёрный,1.6,105,Бензин,3570,автоматическая,передний,Левый,Не требует ремонта,3 или больше,Дубликат,,Растаможен,https://auto.ru/cars/used/sale/hyundai/elantra/1104027886-643df8f4/
Hyundai Elantra III (XD2) Рестайлинг,250000,2005,258000,седан,синий,1.6,105,Бензин,2205,механическая,передний,Левый,Не требует ремонта,3 или больше,Оригинал,7.6,Растаможен,https://auto.ru/cars/used/sale/hyundai/elantra/1103343297-df36bc0d/
Hyundai Elantra III (XD2) Рестайлинг,200000,2004,169970,седан,красный,2.0,139,Бензин,4059,автоматическая,передний,Левый,Не требует ремонта,3 или больше,Оригинал,3.3,Растаможен,https://auto.ru/cars/used/sale/hyundai/elantra/1104765843-66418020/
Hyundai Elantra III (XD2) Рестайлинг,230000,2005,165000,седан,синий,1.6,105,Бензин,3066,механическая,передний,Левый,Не требует ремонта,3 или больше,Оригинал,,Растаможен,https://auto.ru/cars/used/sale/hyundai/elantra/1101660261-1eee2589/
Hyundai Elantra IV (HD),460000,2007,255000,седан,серебристый,1.6,122,Бензин,3562,автоматическая,передний,Левый,Не требует ремонта,3 или больше,Дубликат,,Растаможен,https://auto.ru/cars/used/sale/hyundai/elantra/1104212245-2a86e787/
Hyundai Elantra III (XD2) Рестайлинг,250000,2006,220000,хэтчбек 5 дв.,серебристый,1.6,105,Бензин,2100,механическая,передний,Левый,Не требует ремонта,3 или больше,Дубликат,2.8,Растаможен,https://auto.ru/cars/used/sale/hyundai/elantra/1104789170-13551d2f/
Hyundai Elantra III (XD2) Рестайлинг,215000,2006,370000,седан,чёрный,1.6,105,Бензин,3570,механическая,передний,Левый,Не требует ремонта,3 или больше,Оригинал,,Растаможен,https://auto.ru/cars/used/sale/hyundai/elantra/1104043348-ba4d993b/
Hyundai Elantra III (XD2) Рестайлинг,270000,2003,172300,седан,синий,1.6,107,Бензин,3638,механическая,передний,Левый,Не требует ремонта,3 или больше,Дубликат,1.6,Растаможен,https://auto.ru/cars/used/sale/hyundai/elantra/1104148534-77d97fc0/
Hyundai Elantra III (XD2) Рестайлинг,300000,2006,318000,хэтчбек 5 дв.,жёлтый,1.6,105,Бензин,3066,механическая,передний,Левый,Не требует ремонта,3 или больше,Дубликат,,Растаможен,https://auto.ru/cars/used/sale/hyundai/elantra/1102108935-2f7a7cc8/
Hyundai Elantra III (XD2) Рестайлинг,270000,2005,161500,седан,чёрный,1.6,105,Бензин,3570,механическая,передний,Левый,Не требует ремонта,3 или больше,Оригинал,,Растаможен,https://auto.ru/cars/used/sale/hyundai/elantra/1104583770-52db94aa/
