Название,"Цена, руб.",Год выпуска,"Пробег, км.",Кузов,Цвет,"Объем двигателя, л.","Мощность двигателя, л/с",Двигатель,"Налог, руб.",Коробка передач,Привод,Руль,Состояние,Число владельцев,ПТС,Таможня,URL адрес
Kia Optima IV Рестайлинг,1600000,2019,83379,седан,жёлтый,2.0,150,Бензин,5250,автоматическая,передний,Левый,Не требует ремонта,1 владелец,Оригинал,Растаможен,https://auto.ru/cars/used/sale/kia/optima/1103996130-48cffa54/
Kia Optima III Рестайлинг,1165000,2015,98830,седан,чёрный,2.4,180,Бензин,9000,автоматическая,передний,Левый,Не требует ремонта,2 владельца,Дубликат,Растаможен,https://auto.ru/cars/used/sale/kia/optima/1103920108-c2ea83d9/
Kia Optima IV,1410000,2017,159028,седан,белый,2.4,188,Бензин,9212,автоматическая,передний,Левый,Не требует ремонта,1 владелец,Оригинал,Растаможен,https://auto.ru/cars/used/sale/kia/optima/1103941444-d529de8f/
Kia Optima IV,1095000,2017,104900,седан,чёрный,2.0,150,Бензин,5250,автоматическая,передний,Левый,Не требует ремонта,3 или более,Дубликат,Растаможен,https://auto.ru/cars/used/sale/kia/optima/1104059723-14b6aa2f/
Kia Optima IV Рестайлинг,1749000,2020,12565,седан,серый,2.0,150,Бензин,5250,автоматическая,передний,Левый,Не требует ремонта,1 владелец,Оригинал,Растаможен,https://auto.ru/cars/used/sale/kia/optima/1103875101-3f6ab02e/
Kia Optima III,799000,2013,243949,седан,серебристый,2.0,150,Бензин,5250,автоматическая,передний,Левый,Не требует ремонта,2 владельца,Оригинал,Растаможен,https://auto.ru/cars/used/sale/kia/optima/1103228508-1398ced4/
Kia Optima IV Рестайлинг,1429000,2018,48742,седан,белый,2.0,150,Бензин,5250,автоматическая,передний,Левый,Не требует ремонта,2 владельца,Оригинал,Растаможен,https://auto.ru/cars/used/sale/kia/optima/1103501807-67edbb0c/
Kia Optima IV Рестайлинг,1755000,2019,31956,седан,белый,2.4,188,Бензин,9400,автоматическая,передний,Левый,Не требует ремонта,1 владелец,Оригинал,Растаможен,https://auto.ru/cars/used/sale/kia/optima/1103759902-4eea8423/
Kia Optima III,805000,2011,208665,седан,серебристый,2.4,180,Бензин,9000,автоматическая,передний,Левый,Не требует ремонта,1 владелец,Оригинал,Растаможен,https://auto.ru/cars/used/sale/kia/optima/1103693541-857e1743/
Kia Optima III Рестайлинг,1240000,2014,139800,седан,серый,2.4,180,Бензин,9000,автоматическая,передний,Левый,Не требует ремонта,3 или более,Оригинал,Растаможен,https://auto.ru/cars/used/sale/kia/optima/1104058419-efe82c36/
Kia Optima IV,1370000,2017,82335,седан,коричневый,2.0,150,Бензин,5250,автоматическая,передний,Левый,Не требует ремонта,1 владелец,Оригинал,Растаможен,https://auto.ru/cars/used/sale/kia/optima/1104006343-40fcc0ed/
Kia Optima III Рестайлинг,924250,2013,172170,седан,серый,2.0,150,Бензин,5250,автоматическая,передний,Левый,Не требует ремонта,1 владелец,Оригинал,Растаможен,https://auto.ru/cars/used/sale/kia/optima/1103674165-56c64445/
Kia Optima IV,986999,2017,100548,седан,белый,2.0,150,Бензин,5250,механическая,передний,Левый,Не требует ремонта,1 владелец,Дубликат,Растаможен,https://auto.ru/cars/used/sale/kia/optima/1103936426-2d881e16/
Kia Optima IV Рестайлинг,2000000,2020,7468,седан,серебристый,2.4,188,Бензин,9400,автоматическая,передний,Левый,Не требует ремонта,1 владелец,Оригинал,Растаможен,https://auto.ru/cars/used/sale/kia/optima/1103677635-0b86a2d8/
Kia Optima IV,1440000,2016,88100,седан,коричневый,2.4,188,Бензин,9400,автоматическая,передний,Левый,Не требует ремонта,3 или более,Оригинал,Растаможен,https://auto.ru/cars/used/sale/kia/optima/1103738956-777fbc14/
,,2019,91430,седан,белый,2.4,188,Бензин,9212,автоматическая,передний,Левый,Не требует ремонта,2 владельца,Оригинал,Растаможен,https://auto.ru/cars/used/sale/kia/optima/1104009285-31e72a96/
Kia Optima IV,1474000,2016,68000,седан,чёрный,2.4,188,Бензин,9400,автоматическая,передний,Левый,Не требует ремонта,2 владельца,Оригинал,Растаможен,https://auto.ru/cars/used/sale/kia/optima/1103946554-28065216/
Kia Optima III Рестайлинг,999000,2014,119953,седан,серебристый,2.0,150,Бензин,5250,автоматическая,передний,Левый,Не требует ремонта,2 владельца,Оригинал,Растаможен,https://auto.ru/cars/used/sale/kia/optima/1103137660-95e7efc7/
Kia Optima IV,1549807,2017,40000,седан,чёрный,2.4,188,Бензин,9400,автоматическая,передний,Левый,Не требует ремонта,1 владелец,Оригинал,Растаможен,https://auto.ru/cars/used/sale/kia/optima/1104069645-94514650/
Kia Optima IV Рестайлинг,1598000,2018,52354,седан,белый,2.4,188,Бензин,9400,автоматическая,передний,Левый,Не требует ремонта,2 владельца,Оригинал,Растаможен,https://auto.ru/cars/used/sale/kia/optima/1104056163-c7e4c003/
Kia Optima III,949000,2012,183779,седан,чёрный,2.4,180,Бензин,9000,автоматическая,передний,Левый,Не требует ремонта,3 или более,Оригинал,Растаможен,https://auto.ru/cars/used/sale/kia/optima/1103926297-76f378b7/
Kia Optima IV,1375000,2017,143303,седан,белый,2.4,188,Бензин,9400,автоматическая,передний,Левый,Не требует ремонта,1 владелец,Оригинал,Растаможен,https://auto.ru/cars/used/sale/kia/optima/1103997435-d1c399c1/
Kia Optima IV,1560000,2017,95690,седан,белый,2.4,188,Бензин,9400,автоматическая,передний,Левый,Не требует ремонта,1 владелец,Оригинал,Растаможен,https://auto.ru/cars/used/sale/kia/optima/1103950732-aeec651f/
Kia Optima IV Рестайлинг,1425000,2018,102156,седан,коричневый,2.0,150,Бензин,5250,автоматическая,передний,Левый,Не требует ремонта,1 владелец,Оригинал,Растаможен,https://auto.ru/cars/used/sale/kia/optima/1104066994-56c7479c/
Kia Optima IV Рестайлинг,1595000,2019,28800,седан,белый,2.0,150,Бензин,5250,автоматическая,передний,Левый,Не требует ремонта,1 владелец,Оригинал,Растаможен,https://auto.ru/cars/used/sale/kia/optima/1103965336-85f7ba8b/
Kia Optima IV Рестайлинг,1910000,2019,15489,седан,синий,2.0,150,Бензин,5250,автоматическая,передний,Левый,Не требует ремонта,1 владелец,Оригинал,Растаможен,https://auto.ru/cars/used/sale/kia/optima/1103551925-e59f8fbf/
Kia Optima IV,1475000,2017,58000,седан,белый,2.4,188,Бензин,9400,автоматическая,передний,Левый,Не требует ремонта,2 владельца,Оригинал,Растаможен,https://auto.ru/cars/used/sale/kia/optima/1104073283-12febf15/
Kia Optima IV Рестайлинг,1785000,2019,90176,седан,коричневый,2.4,188,Бензин,9400,автоматическая,передний,Левый,Не требует ремонта,1 владелец,Оригинал,Растаможен,https://auto.ru/cars/used/sale/kia/optima/1103902937-313c2b61/
Kia Optima IV,1525000,2016,102638,седан,белый,2.4,188,Бензин,9400,автоматическая,передний,Левый,Не требует ремонта,1 владелец,Оригинал,Растаможен,https://auto.ru/cars/used/sale/kia/optima/1103986603-65bf42e4/
Kia Optima IV Рестайлинг,1630000,2018,113000,седан,белый,2.4,188,Бензин,9400,автоматическая,передний,Левый,Не требует ремонта,1 владелец,Оригинал,Растаможен,https://auto.ru/cars/used/sale/kia/optima/1104073389-e4419c88/
Kia Optima III Рестайлинг,1300000,2015,71500,седан,чёрный,2.0,150,Бензин,5250,автоматическая,передний,Левый,Не требует ремонта,2 владельца,Оригинал,Растаможен,https://auto.ru/cars/used/sale/kia/optima/1104073775-1fc339e6/
Kia Optima IV,1450000,2017,96000,седан,коричневый,2.4,188,Бензин,9400,автоматическая,передний,Левый,Не требует ремонта,2 владельца,Оригинал,Растаможен,https://auto.ru/cars/used/sale/kia/optima/1102819015-25bebeb7/
Kia Optima III Рестайлинг,855700,2014,151360,седан,серебристый,2.0,150,Бензин,5250,механическая,передний,Левый,Не требует ремонта,2 владельца,Оригинал,Растаможен,https://auto.ru/cars/used/sale/kia/optima/1103718704-58b46372/
Kia Optima IV,1200000,2017,153274,седан,жёлтый,2.4,188,Бензин,9400,автоматическая,передний,Левый,Не требует ремонта,3 или более,Оригинал,Растаможен,https://auto.ru/cars/used/sale/kia/optima/1104073089-18fc9b03/
Kia Optima IV,1461080,2017,81546,седан,серый,2.4,188,Бензин,9400,автоматическая,передний,Левый,Не требует ремонта,2 владельца,Оригинал,Растаможен,https://auto.ru/cars/used/sale/kia/optima/1103647734-a7570b0c/
Kia Optima III Рестайлинг,1215000,2015,101235,седан,белый,2.0,150,Бензин,5250,автоматическая,передний,Левый,Не требует ремонта,1 владелец,Оригинал,Растаможен,https://auto.ru/cars/used/sale/kia/optima/1104055439-41764788/
Kia Optima IV,1674000,2018,13327,седан,чёрный,2.4,185,Бензин,9250,автоматическая,передний,Левый,Не требует ремонта,1 владелец,Оригинал,Растаможен,https://auto.ru/cars/used/sale/kia/optima/1103819657-6792025f/
Kia Optima IV Рестайлинг,1749000,2019,36779,седан,синий,2.0,150,Бензин,5250,автоматическая,передний,Левый,Не требует ремонта,1 владелец,Оригинал,Растаможен,https://auto.ru/cars/used/sale/kia/optima/1103895294-5426b260/
Kia Optima IV Рестайлинг,1499000,2018,41000,седан,белый,2.4,188,Бензин,9400,автоматическая,передний,Левый,Не требует ремонта,2 владельца,Оригинал,Растаможен,https://auto.ru/cars/used/sale/kia/optima/1104043426-9eebbfdd/
Kia Optima IV Рестайлинг,1599000,2019,46000,седан,белый,2.4,188,Бензин,9400,автоматическая,передний,Левый,Не требует ремонта,2 владельца,Оригинал,Растаможен,https://auto.ru/cars/used/sale/kia/optima/1103517365-ad17564e/
Kia Optima IV,1342000,2016,166377,седан,белый,2.0,245,Бензин,18375,автоматическая,передний,Левый,Не требует ремонта,1 владелец,Оригинал,Растаможен,https://auto.ru/cars/used/sale/kia/optima/1104043715-95bbb4d7/
Kia Optima IV Рестайлинг,1525000,2018,106163,седан,белый,2.4,188,Бензин,9400,автоматическая,передний,Левый,Не требует ремонта,2 владельца,Оригинал,Растаможен,https://auto.ru/cars/used/sale/kia/optima/1103538974-751a0ec3/
Kia Optima IV Рестайлинг,1819000,2019,8204,седан,серый,2.4,188,Бензин,9400,автоматическая,передний,Левый,Не требует ремонта,1 владелец,Оригинал,Растаможен,https://auto.ru/cars/used/sale/kia/optima/1103495728-4e35613e/
Kia Optima IV Рестайлинг,1855000,2019,55657,седан,серый,2.4,188,Бензин,9400,автоматическая,передний,Левый,Не требует ремонта,2 владельца,Оригинал,Растаможен,https://auto.ru/cars/used/sale/kia/optima/1104043718-191b95da/
Kia Optima IV,1639000,2017,62192,седан,белый,2.4,188,Бензин,9400,автоматическая,передний,Левый,Не требует ремонта,1 владелец,Оригинал,Растаможен,https://auto.ru/cars/used/sale/kia/optima/1103832112-468abec6/
Kia Optima IV,1455000,2018,44819,седан,серебристый,2.0,150,Бензин,5250,автоматическая,передний,Левый,Не требует ремонта,2 владельца,Оригинал,Растаможен,https://auto.ru/cars/used/sale/kia/optima/1104042412-bff2fd58/
Kia Optima IV Рестайлинг,1340000,2018,49676,седан,коричневый,2.0,150,Бензин,5250,автоматическая,передний,Левый,Не требует ремонта,1 владелец,Оригинал,Растаможен,https://auto.ru/cars/used/sale/kia/optima/1103848740-ac72787c/
Kia Optima IV Рестайлинг,1640000,2019,61000,седан,чёрный,2.0,150,Бензин,5250,автоматическая,передний,Левый,Не требует ремонта,1 владелец,Оригинал,Растаможен,https://auto.ru/cars/used/sale/kia/optima/1104043653-61cb3cc1/
Kia Optima IV Рестайлинг,1585000,2019,84398,седан,белый,2.4,188,Бензин,9400,автоматическая,передний,Левый,Не требует ремонта,1 владелец,Оригинал,Растаможен,https://auto.ru/cars/used/sale/kia/optima/1104040535-0d41a400/
Kia Optima IV,1399000,2018,98228,седан,белый,2.4,188,Бензин,9400,автоматическая,передний,Левый,Не требует ремонта,2 владельца,Оригинал,Растаможен,https://auto.ru/cars/used/sale/kia/optima/1103280047-515d7abb/
Kia Optima IV Рестайлинг,1799000,2019,18041,седан,серый,2.0,150,Бензин,5250,автоматическая,передний,Левый,Не требует ремонта,1 владелец,Оригинал,Растаможен,https://auto.ru/cars/used/sale/kia/optima/1104034525-b87049b3/
Kia Optima IV,1390000,2017,121808,седан,белый,2.4,188,Бензин,9400,автоматическая,передний,Левый,Не требует ремонта,1 владелец,Оригинал,Растаможен,https://auto.ru/cars/used/sale/kia/optima/1103202533-d13b40ed/
Kia Optima IV,1027000,2017,115775,седан,чёрный,2.0,150,Бензин,5250,автоматическая,передний,Левый,Не требует ремонта,1 владелец,Оригинал,Растаможен,https://auto.ru/cars/used/sale/kia/optima/1103313879-42492a36/
,,2020,48000,седан,белый,2.0,150,Бензин,5250,автоматическая,передний,Левый,Не требует ремонта,2 владельца,Оригинал,Растаможен,https://auto.ru/cars/used/sale/kia/optima/1103977898-ed764637/
Kia Optima IV Рестайлинг,1670000,2019,64500,седан,белый,2.4,188,Бензин,9400,автоматическая,передний,Левый,Не требует ремонта,1 владелец,Оригинал,Растаможен,https://auto.ru/cars/used/sale/kia/optima/1103832870-05bee43e/
Kia Optima IV Рестайлинг,1425000,2019,69041,седан,чёрный,2.0,150,Бензин,5250,автоматическая,передний,Левый,Не требует ремонта,1 владелец,Оригинал,Растаможен,https://auto.ru/cars/used/sale/kia/optima/1103010157-324703d6/
Kia Optima III,980000,2012,64000,седан,серый,2.0,150,Бензин,5250,автоматическая,передний,Левый,Не требует ремонта,1 владелец,Оригинал,Растаможен,https://auto.ru/cars/used/sale/kia/optima/1104055368-21d381a8/
Kia Optima IV,1297000,2017,67235,седан,чёрный,2.4,188,Бензин,9400,автоматическая,передний,Левый,Не требует ремонта,3 или более,Оригинал,Растаможен,https://auto.ru/cars/used/sale/kia/optima/1103009740-58b6c831/
Kia Optima IV Рестайлинг,1510000,2018,44700,седан,чёрный,2.0,150,Бензин,5250,автоматическая,передний,Левый,Не требует ремонта,1 владелец,Оригинал,Растаможен,https://auto.ru/cars/used/sale/kia/optima/1103653202-b7938b57/
Kia Optima IV Рестайлинг,1200000,2019,95000,седан,жёлтый,2.0,150,Бензин,5250,автоматическая,передний,Левый,Не требует ремонта,1 владелец,Оригинал,Растаможен,https://auto.ru/cars/used/sale/kia/optima/1102989984-ddb934ae/
Kia Optima III,975000,2011,109800,седан,серый,2.4,180,Бензин,9000,автоматическая,передний,Левый,Не требует ремонта,1 владелец,Оригинал,Растаможен,https://auto.ru/cars/used/sale/kia/optima/1103992005-3901ad07/
Kia Optima IV,1370000,2016,78455,седан,синий,2.0,245,Бензин,18375,автоматическая,передний,Левый,Не требует ремонта,3 или более,Оригинал,Растаможен,https://auto.ru/cars/used/sale/kia/optima/1103602508-0e4f1f84/
Kia Optima IV,1550000,2017,131923,седан,чёрный,2.4,188,Бензин,9400,автоматическая,передний,Левый,Не требует ремонта,1 владелец,Оригинал,Растаможен,https://auto.ru/cars/used/sale/kia/optima/1104032341-510841b7/
Kia Optima IV Рестайлинг,1630000,2018,79049,седан,серый,2.4,188,Бензин,9400,автоматическая,передний,Левый,Не требует ремонта,1 владелец,Оригинал,Растаможен,https://auto.ru/cars/used/sale/kia/optima/1104032612-c548aa6d/
Kia Optima IV Рестайлинг,1787000,2018,60060,седан,серый,2.4,188,Бензин,9400,автоматическая,передний,Левый,Не требует ремонта,2 владельца,Оригинал,Растаможен,https://auto.ru/cars/used/sale/kia/optima/1103881293-efdde5c0/
Kia Optima IV,960570,2016,179300,седан,жёлтый,2.0,150,Бензин,5250,автоматическая,передний,Левый,Не требует ремонта,3 или более,Дубликат,Растаможен,https://auto.ru/cars/used/sale/kia/optima/1104070339-dfe7d91a/
Kia Optima III,930000,2012,220000,седан,серый,2.4,180,Бензин,9000,автоматическая,передний,Левый,Не требует ремонта,3 или более,Оригинал,Растаможен,https://auto.ru/cars/used/sale/kia/optima/1104070155-b5df1344/
Kia Optima IV Рестайлинг,1079000,2019,150580,седан,жёлтый,2.0,150,Бензин,5100,автоматическая,передний,Левый,Не требует ремонта,1 владелец,Оригинал,Растаможен,https://auto.ru/cars/used/sale/kia/optima/1103878825-d5c24045/
Kia Optima IV,1497000,2016,131202,седан,чёрный,2.4,188,Бензин,9400,автоматическая,передний,Левый,Не требует ремонта,3 или более,Оригинал,Растаможен,https://auto.ru/cars/used/sale/kia/optima/1103969653-df557deb/
Kia Optima IV Рестайлинг,1589000,2019,66180,седан,белый,2.4,188,Бензин,9212,автоматическая,передний,Левый,Не требует ремонта,1 владелец,Оригинал,Растаможен,https://auto.ru/cars/used/sale/kia/optima/1103506543-3e34c5dd/
Kia Optima IV Рестайлинг,1600000,2019,54600,седан,коричневый,2.0,150,Бензин,5250,автоматическая,передний,Левый,Не требует ремонта,2 владельца,Оригинал,Растаможен,https://auto.ru/cars/used/sale/kia/optima/1104010404-0b223e2f/
Kia Optima IV Рестайлинг,1857000,2019,66884,седан,серый,2.4,188,Бензин,9400,автоматическая,передний,Левый,Не требует ремонта,2 владельца,Оригинал,Растаможен,https://auto.ru/cars/used/sale/kia/optima/1104017428-77be3be5/
Kia Optima IV Рестайлинг,1529000,2018,75828,седан,серебристый,2.0,150,Бензин,5250,автоматическая,передний,Левый,Не требует ремонта,1 владелец,Оригинал,Растаможен,https://auto.ru/cars/used/sale/kia/optima/1103649121-a1e1de2a/
Kia Optima IV Рестайлинг,1835000,2019,28233,седан,чёрный,2.4,188,Бензин,9400,автоматическая,передний,Левый,Не требует ремонта,3 или более,Оригинал,Растаможен,https://auto.ru/cars/used/sale/kia/optima/1104006715-47ccba4d/
Kia Optima IV,1078000,2017,132459,седан,чёрный,2.0,150,Бензин,5250,автоматическая,передний,Левый,Не требует ремонта,2 владельца,Оригинал,Растаможен,https://auto.ru/cars/used/sale/kia/optima/1103401539-848e1d60/
Kia Optima IV,1250000,2017,105300,седан,белый,2.0,150,Бензин,5250,автоматическая,передний,Левый,Не требует ремонта,2 владельца,Оригинал,Растаможен,https://auto.ru/cars/used/sale/kia/optima/1102927413-2c6379e0/
Kia Optima IV Рестайлинг,1100000,2019,172000,седан,белый,2.0,150,Бензин,5250,механическая,передний,Левый,Не требует ремонта,1 владелец,Оригинал,Растаможен,https://auto.ru/cars/used/sale/kia/optima/1104003815-31cd597f/
Kia Optima IV Рестайлинг,1697000,2019,71000,седан,чёрный,2.4,188,Бензин,9400,автоматическая,передний,Левый,Не требует ремонта,1 владелец,Оригинал,Растаможен,https://auto.ru/cars/used/sale/kia/optima/1104003961-de4c2fcd/
Kia Optima IV,1100000,2016,138000,седан,серебристый,2.0,150,Бензин,5250,автоматическая,передний,Левый,Не требует ремонта,3 или более,Дубликат,Растаможен,https://auto.ru/cars/used/sale/kia/optima/1104067515-2b0ecd29/
Kia Optima IV,1567000,2017,85839,седан,белый,2.4,188,Бензин,9400,автоматическая,передний,Левый,Не требует ремонта,1 владелец,Оригинал,Растаможен,https://auto.ru/cars/used/sale/kia/optima/1103764086-153e00e0/
Kia Optima IV,990000,2017,49589,седан,белый,2.0,150,Бензин,5250,автоматическая,передний,Левый,Не требует ремонта,3 или более,Оригинал,Растаможен,https://auto.ru/cars/used/sale/kia/optima/1103453104-b3c6933c/
Kia Optima IV Рестайлинг,1178000,2018,116909,седан,жёлтый,2.0,150,Бензин,5250,автоматическая,передний,Левый,Не требует ремонта,2 владельца,Оригинал,Растаможен,https://auto.ru/cars/used/sale/kia/optima/1103995333-5eb4b83e/
,,2019,91000,седан,белый,2.0,150,Бензин,5250,автоматическая,передний,Левый,Не требует ремонта,2 владельца,Оригинал,Растаможен,https://auto.ru/cars/used/sale/kia/optima/1103814937-14c7c8d0/
Kia Optima IV Рестайлинг,1999000,2019,29445,седан,чёрный,2.4,188,Бензин,9400,автоматическая,передний,Левый,Не требует ремонта,1 владелец,Оригинал,Растаможен,https://auto.ru/cars/used/sale/kia/optima/1103992682-04010019/
Kia Optima IV Рестайлинг,1869000,2019,46694,седан,серый,2.4,188,Бензин,9400,автоматическая,передний,Левый,Не требует ремонта,1 владелец,Оригинал,Растаможен,https://auto.ru/cars/used/sale/kia/optima/1103992635-6d71f6a7/
Kia Optima IV Рестайлинг,1625000,2019,28112,седан,белый,2.0,150,Бензин,5250,автоматическая,передний,Левый,Не требует ремонта,1 владелец,Оригинал,Растаможен,https://auto.ru/cars/used/sale/kia/optima/1103992681-0d8d0b97/
Kia Optima IV,1649000,2017,112571,седан,чёрный,2.4,188,Бензин,9400,автоматическая,передний,Левый,Не требует ремонта,1 владелец,Оригинал,Растаможен,https://auto.ru/cars/used/sale/kia/optima/1103992626-551dd2d7/
Kia Optima IV,1250000,2017,103500,седан,чёрный,2.4,188,Бензин,9400,автоматическая,передний,Левый,Не требует ремонта,1 владелец,Оригинал,Растаможен,https://auto.ru/cars/used/sale/kia/optima/1103705017-cb60d5a4/
Kia Optima IV,1391000,2016,110753,седан,белый,2.4,188,Бензин,9400,автоматическая,передний,Левый,Не требует ремонта,1 владелец,Оригинал,Растаможен,https://auto.ru/cars/used/sale/kia/optima/1103865657-dd21b001/
Kia Optima IV,1597000,2017,59823,седан,чёрный,2.0,245,Бензин,18375,автоматическая,передний,Левый,Не требует ремонта,3 или более,Оригинал,Растаможен,https://auto.ru/cars/used/sale/kia/optima/1103605537-8bed3544/
Kia Optima IV,1697000,2016,29433,седан,синий,2.0,245,Бензин,18375,автоматическая,передний,Левый,Не требует ремонта,1 владелец,Оригинал,Растаможен,https://auto.ru/cars/used/sale/kia/optima/1103597900-26b08d0c/
Kia Optima IV,1498000,2017,111820,седан,серый,2.4,188,Бензин,9400,автоматическая,передний,Левый,Не требует ремонта,2 владельца,Оригинал,Растаможен,https://auto.ru/cars/used/sale/kia/optima/1103986481-4981ff5b/
Kia Optima IV Рестайлинг,1769000,2019,61125,седан,серебристый,2.0,150,Бензин,5250,автоматическая,передний,Левый,Не требует ремонта,1 владелец,Оригинал,Растаможен,https://auto.ru/cars/used/sale/kia/optima/1103984623-b84e385f/
Kia Optima IV,1377000,2017,100224,седан,белый,2.4,188,Бензин,9400,автоматическая,передний,Левый,Не требует ремонта,1 владелец,Оригинал,Растаможен,https://auto.ru/cars/used/sale/kia/optima/1103376472-20a53669/
Kia Optima IV,1629600,2018,21282,седан,белый,2.4,188,Бензин,9400,автоматическая,передний,Левый,Не требует ремонта,1 владелец,Оригинал,Растаможен,https://auto.ru/cars/used/sale/kia/optima/1103815656-0fbc52e2/
Kia Optima III Рестайлинг,1020000,2015,138575,седан,серый,2.0,150,Бензин,5250,автоматическая,передний,Левый,Не требует ремонта,2 владельца,Оригинал,Растаможен,https://auto.ru/cars/used/sale/kia/optima/1103671911-ced95301/
Kia Optima IV Рестайлинг,1048000,2019,143894,седан,белый,2.0,150,Бензин,5250,автоматическая,передний,Левый,Не требует ремонта,2 владельца,Оригинал,Растаможен,https://auto.ru/cars/used/sale/kia/optima/1103656167-8fc36b4b/
Kia Optima IV,1499000,2016,73500,седан,коричневый,2.4,188,Бензин,9400,автоматическая,передний,Левый,Не требует ремонта,2 владельца,Дубликат,Растаможен,https://auto.ru/cars/used/sale/kia/optima/1103977010-d4154b02/
Kia Optima IV,1278000,2016,125350,седан,белый,2.4,185,Бензин,9250,автоматическая,передний,Левый,Не требует ремонта,3 или более,Оригинал,Растаможен,https://auto.ru/cars/used/sale/kia/optima/1103975610-735ab37a/
Kia Optima IV,1587000,2017,127518,седан,коричневый,2.4,188,Бензин,9400,автоматическая,передний,Левый,Не требует ремонта,1 владелец,Оригинал,Растаможен,https://auto.ru/cars/used/sale/kia/optima/1103973283-fab54877/
Kia Optima IV,1111000,2016,155789,седан,серый,2.4,188,Бензин,9400,автоматическая,передний,Левый,Не требует ремонта,3 или более,Дубликат,Растаможен,https://auto.ru/cars/used/sale/kia/optima/1103839960-dca5c8fc/
Kia Optima IV Рестайлинг,1600000,2019,91000,седан,белый,2.4,188,Бензин,9400,автоматическая,передний,Левый,Не требует ремонта,2 владельца,Оригинал,Растаможен,https://auto.ru/cars/used/sale/kia/optima/1104028722-1c81a3e4/
Kia Optima IV Рестайлинг,1668000,2018,81772,седан,коричневый,2.4,188,Бензин,9400,автоматическая,передний,Левый,Не требует ремонта,1 владелец,Оригинал,Растаможен,https://auto.ru/cars/used/sale/kia/optima/1103939682-48eb8ac9/
Kia Optima IV,1362000,2016,136000,седан,чёрный,2.0,245,Бензин,18375,автоматическая,передний,Левый,Не требует ремонта,1 владелец,Оригинал,Растаможен,https://auto.ru/cars/used/sale/kia/optima/1103933853-c0040ac2/
Kia Optima IV Рестайлинг,1179000,2019,182094,седан,белый,2.0,150,Бензин,5100,автоматическая,передний,Левый,Не требует ремонта,1 владелец,Оригинал,Растаможен,https://auto.ru/cars/used/sale/kia/optima/1103938888-eb68d140/
Kia Optima IV Рестайлинг,1249000,2018,204668,седан,белый,2.0,150,Бензин,5100,автоматическая,передний,Левый,Не требует ремонта,1 владелец,Оригинал,Растаможен,https://auto.ru/cars/used/sale/kia/optima/1103938890-4a44aab6/
Kia Optima IV,1550000,2018,22000,седан,серый,2.4,188,Бензин,9400,автоматическая,передний,Левый,Не требует ремонта,1 владелец,Оригинал,Растаможен,https://auto.ru/cars/used/sale/kia/optima/1104012586-f8d4e801/
Kia Optima IV,1350000,2018,61500,седан,серебристый,2.0,150,Бензин,5250,автоматическая,передний,Левый,Не требует ремонта,3 или более,Оригинал,Растаможен,https://auto.ru/cars/used/sale/kia/optima/1104064700-1483d60f/
Kia Optima IV,1649000,2016,122000,седан,синий,2.0,245,Бензин,18375,автоматическая,передний,Левый,Не требует ремонта,3 или более,Оригинал,Растаможен,https://auto.ru/cars/used/sale/kia/optima/1104063205-dda34137/
Kia Optima III,834900,2012,123500,седан,серый,2.0,150,Бензин,5250,автоматическая,передний,Левый,Не требует ремонта,1 владелец,Оригинал,Растаможен,https://auto.ru/cars/used/sale/kia/optima/1103134617-0fae9060/
Kia Optima IV Рестайлинг,990000,2018,151000,седан,белый,2.0,150,Бензин,5250,автоматическая,передний,Левый,Не требует ремонта,1 владелец,Оригинал,Растаможен,https://auto.ru/cars/used/sale/kia/optima/1103085944-7eae5600/
Kia Optima IV,1525000,2017,89463,седан,белый,2.0,245,Бензин,18375,автоматическая,передний,Левый,Не требует ремонта,3 или более,Оригинал,Растаможен,https://auto.ru/cars/used/sale/kia/optima/1103902934-b8add9ca/
Kia Optima IV Рестайлинг,1650000,2019,16200,седан,белый,2.0,150,Бензин,5250,автоматическая,передний,Левый,Не требует ремонта,1 владелец,Оригинал,Растаможен,https://auto.ru/cars/used/sale/kia/optima/1104063585-632b4639/
Kia Optima IV Рестайлинг,1090000,2019,216106,седан,белый,2.0,150,Бензин,5100,автоматическая,передний,Левый,Не требует ремонта,1 владелец,Оригинал,Растаможен,https://auto.ru/cars/used/sale/kia/optima/1103897638-9ae86f0f/
Kia Optima IV,2000000,2016,37000,седан,белый,2.4,188,Бензин,9400,автоматическая,передний,Левый,Не требует ремонта,1 владелец,Оригинал,Растаможен,https://auto.ru/cars/used/sale/kia/optima/1104060900-f8aeafbc/
Kia Optima III,950000,2012,149578,седан,серебристый,2.4,180,Бензин,9000,автоматическая,передний,Левый,Не требует ремонта,3 или более,Оригинал,Растаможен,https://auto.ru/cars/used/sale/kia/optima/1103506138-3fe39706/
Kia Optima IV,1489000,2018,47240,седан,белый,2.0,150,Бензин,5250,автоматическая,передний,Левый,Не требует ремонта,1 владелец,Оригинал,Растаможен,https://auto.ru/cars/used/sale/kia/optima/1103879378-e388da6b/
Kia Optima IV,1580000,2017,66000,седан,чёрный,2.0,245,Бензин,18375,автоматическая,передний,Левый,Не требует ремонта,1 владелец,Оригинал,Растаможен,https://auto.ru/cars/used/sale/kia/optima/1103778219-c0c469c2/
Kia Optima IV Рестайлинг,1487000,2018,111250,седан,белый,2.4,188,Бензин,9400,автоматическая,передний,Левый,Не требует ремонта,1 владелец,Оригинал,Растаможен,https://auto.ru/cars/used/sale/kia/optima/1103727681-9890856d/
Kia Optima IV,1549000,2017,35910,седан,серый,2.0,150,Бензин,5250,автоматическая,передний,Левый,Не требует ремонта,1 владелец,Оригинал,Растаможен,https://auto.ru/cars/used/sale/kia/optima/1103814880-f8da0463/
Kia Optima IV Рестайлинг,1660000,2019,59100,седан,белый,2.0,150,Бензин,5250,автоматическая,передний,Левый,Не требует ремонта,1 владелец,Оригинал,Растаможен,https://auto.ru/cars/used/sale/kia/optima/1103832643-14219ee6/
Kia Optima IV Рестайлинг,1100000,2019,186000,седан,жёлтый,2.0,150,Бензин,5250,автоматическая,передний,Левый,Не требует ремонта,1 владелец,Оригинал,Растаможен,https://auto.ru/cars/used/sale/kia/optima/1103691039-a51f1afd/
,,2016,116000,седан,чёрный,2.0,150,Бензин,5250,автоматическая,передний,Левый,Не требует ремонта,1 владелец,Оригинал,Растаможен,https://auto.ru/cars/used/sale/kia/optima/1103909294-124374ac/
Kia Optima IV Рестайлинг,1630000,2019,39000,седан,серебристый,2.0,150,Бензин,5250,автоматическая,передний,Левый,Не требует ремонта,1 владелец,Оригинал,Растаможен,https://auto.ru/cars/used/sale/kia/optima/1104004756-e14cdd70/
Kia Optima IV Рестайлинг,1663200,2019,86707,седан,белый,2.4,188,Бензин,9400,автоматическая,передний,Левый,Не требует ремонта,1 владелец,Оригинал,Растаможен,https://auto.ru/cars/used/sale/kia/optima/1103728050-f209c678/
Kia Optima IV Рестайлинг,1865000,2019,8828,седан,серый,2.4,188,Бензин,9400,автоматическая,передний,Левый,Не требует ремонта,1 владелец,Оригинал,Растаможен,https://auto.ru/cars/used/sale/kia/optima/1103848441-9f5c95be/
Kia Optima IV Рестайлинг,1100000,2019,154000,седан,белый,2.0,150,Бензин,5250,автоматическая,передний,Левый,Не требует ремонта,1 владелец,Оригинал,Растаможен,https://auto.ru/cars/used/sale/kia/optima/1103980686-f6fdf7a1/
Kia Optima IV,1255000,2018,80000,седан,белый,2.4,188,Бензин,9400,автоматическая,передний,Левый,Не требует ремонта,1 владелец,Оригинал,Растаможен,https://auto.ru/cars/used/sale/kia/optima/1104056687-b3ff23fd/
Kia Optima III Рестайлинг,800000,2015,244000,седан,белый,2.0,150,Бензин,5250,автоматическая,передний,Левый,Не требует ремонта,1 владелец,Оригинал,Растаможен,https://auto.ru/cars/used/sale/kia/optima/1101919028-06863fe0/
Kia Optima IV,1250000,2016,93000,седан,белый,2.0,245,Бензин,18375,автоматическая,передний,Левый,Не требует ремонта,3 или более,Оригинал,Растаможен,https://auto.ru/cars/used/sale/kia/optima/1103645284-5d25565a/
Kia Optima IV Рестайлинг,1799999,2018,24000,седан,белый,2.4,188,Бензин,9400,автоматическая,передний,Левый,Не требует ремонта,1 владелец,Оригинал,Растаможен,https://auto.ru/cars/used/sale/kia/optima/1102659724-1b2d8d0b/
Kia Optima IV,1118000,2016,44500,седан,серый,2.0,150,Бензин,5250,автоматическая,передний,Левый,Не требует ремонта,3 или более,Оригинал,Растаможен,https://auto.ru/cars/used/sale/kia/optima/1103538614-7d634db3/
Kia Optima IV Рестайлинг,878000,2018,96022,седан,белый,2.0,150,Бензин,5250,автоматическая,передний,Левый,Не требует ремонта,2 владельца,Оригинал,Растаможен,https://auto.ru/cars/used/sale/kia/optima/1103431396-17b50cc2/
Kia Optima IV,1247499,2017,132500,седан,белый,2.4,188,Бензин,9400,автоматическая,передний,Левый,Не требует ремонта,3 или более,Дубликат,Растаможен,https://auto.ru/cars/used/sale/kia/optima/1104025898-59a97cf5/
Kia Optima IV Рестайлинг,1650000,2018,69000,седан,чёрный,2.0,245,Бензин,18375,автоматическая,передний,Левый,Не требует ремонта,2 владельца,Оригинал,Растаможен,https://auto.ru/cars/used/sale/kia/optima/1104037799-1cc7e030/
Kia Optima IV Рестайлинг,2100000,2019,57476,седан,белый,2.0,245,Бензин,18375,автоматическая,передний,Левый,Не требует ремонта,3 или более,Оригинал,Растаможен,https://auto.ru/cars/used/sale/kia/optima/1103985847-d6c340c2/
Kia Optima IV,1550000,2017,38500,седан,белый,2.0,245,Бензин,18375,автоматическая,передний,Левый,Не требует ремонта,1 владелец,Оригинал,Растаможен,https://auto.ru/cars/used/sale/kia/optima/1103846022-6042f9bd/
Kia Optima IV Рестайлинг,1750000,2018,24000,седан,чёрный,2.0,245,Бензин,18375,автоматическая,передний,Левый,Не требует ремонта,1 владелец,Оригинал,Растаможен,https://auto.ru/cars/used/sale/kia/optima/1102454858-d51e2ffb/
Kia Optima IV,1490000,2016,140000,седан,серый,2.4,188,Бензин,9400,автоматическая,передний,Левый,Не требует ремонта,2 владельца,Оригинал,Растаможен,https://auto.ru/cars/used/sale/kia/optima/1103902147-b791f619/
Kia Optima III Рестайлинг,930000,2015,132597,седан,белый,2.0,150,Бензин,5250,автоматическая,передний,Левый,Не требует ремонта,2 владельца,Оригинал,Растаможен,https://auto.ru/cars/used/sale/kia/optima/1102783693-1590d7a4/
Kia Optima IV,1350000,2017,52000,седан,синий,2.0,150,Бензин,5250,автоматическая,передний,Левый,Не требует ремонта,1 владелец,Оригинал,Растаможен,https://auto.ru/cars/used/sale/kia/optima/1103530335-13d444aa/
Kia Optima IV Рестайлинг,1500000,2018,55000,седан,чёрный,2.0,150,Бензин,5250,автоматическая,передний,Левый,Не требует ремонта,1 владелец,Оригинал,Растаможен,https://auto.ru/cars/used/sale/kia/optima/1103349728-e7f34b05/
Kia Optima IV,1250000,2017,99600,седан,белый,2.4,188,Бензин,9400,автоматическая,передний,Левый,Не требует ремонта,1 владелец,Оригинал,Растаможен,https://auto.ru/cars/used/sale/kia/optima/1103560852-9181a9c4/
Kia Optima IV Рестайлинг,1740000,2019,12000,седан,белый,2.4,188,Бензин,9400,автоматическая,передний,Левый,Не требует ремонта,1 владелец,Оригинал,Растаможен,https://auto.ru/cars/used/sale/kia/optima/1104048007-8de934ba/
Kia Optima IV,1220000,2017,83000,седан,чёрный,2.0,150,Бензин,5250,автоматическая,передний,Левый,Не требует ремонта,2 владельца,Оригинал,Растаможен,https://auto.ru/cars/used/sale/kia/optima/1104040746-377d1225/
Kia Optima IV Рестайлинг,1650000,2019,30000,седан,чёрный,2.4,188,Бензин,9400,автоматическая,передний,Левый,Не требует ремонта,2 владельца,Дубликат,Растаможен,https://auto.ru/cars/used/sale/kia/optima/1103823346-6e0a8b7d/
Kia Optima IV Рестайлинг,1050000,2018,136453,седан,белый,2.0,150,Бензин,5250,автоматическая,передний,Левый,Не требует ремонта,2 владельца,Оригинал,Растаможен,https://auto.ru/cars/used/sale/kia/optima/1104056754-ac7b2f01/
Kia Optima IV Рестайлинг,2150000,2020,293,седан,синий,2.4,188,Бензин,9400,автоматическая,передний,Левый,Не требует ремонта,1 владелец,Оригинал,Растаможен,https://auto.ru/cars/used/sale/kia/optima/1103108108-4c3eeb9d/
Kia Optima IV Рестайлинг,2300000,2020,4600,седан,белый,2.4,188,Бензин,9400,автоматическая,передний,Левый,Не требует ремонта,1 владелец,Оригинал,Растаможен,https://auto.ru/cars/used/sale/kia/optima/1103985564-1e917eb0/
Kia Optima IV Рестайлинг,1310000,2019,40800,седан,белый,2.0,150,Бензин,5250,механическая,передний,Левый,Не требует ремонта,1 владелец,Оригинал,Растаможен,https://auto.ru/cars/used/sale/kia/optima/1102952733-50624376/
Kia Optima IV,1080000,2016,146000,седан,белый,2.4,188,Бензин,9400,автоматическая,передний,Левый,Не требует ремонта,3 или более,Оригинал,Растаможен,https://auto.ru/cars/used/sale/kia/optima/1103873326-28060c36/
Kia Optima IV Рестайлинг,1350000,2019,35000,седан,коричневый,2.0,150,Бензин,5250,автоматическая,передний,Левый,Не требует ремонта,1 владелец,Оригинал,Растаможен,https://auto.ru/cars/used/sale/kia/optima/1103910472-a6bc4b1c/
Kia Optima IV Рестайлинг,1700000,2019,50000,седан,белый,2.4,188,Бензин,9400,автоматическая,передний,Левый,Не требует ремонта,2 владельца,Оригинал,Растаможен,https://auto.ru/cars/used/sale/kia/optima/1103995624-e6e9ffa6/
Kia Optima IV Рестайлинг,1890000,2019,16000,седан,чёрный,2.0,150,Бензин,5250,автоматическая,передний,Левый,Не требует ремонта,2 владельца,Оригинал,Растаможен,https://auto.ru/cars/used/sale/kia/optima/1103610314-6ba4177b/
Kia Optima III,730000,2013,216564,седан,бежевый,2.0,150,Бензин,5250,механическая,передний,Левый,Не требует ремонта,1 владелец,Оригинал,Растаможен,https://auto.ru/cars/used/sale/kia/optima/1102572769-6edcdef2/
Kia Optima III Рестайлинг,1125000,2014,67800,седан,серый,2.0,150,Бензин,5250,автоматическая,передний,Левый,Не требует ремонта,1 владелец,Оригинал,Растаможен,https://auto.ru/cars/used/sale/kia/optima/1103827856-b81f671f/
Kia Optima IV,1450000,2017,91000,седан,белый,2.0,245,Бензин,18375,автоматическая,передний,Левый,Не требует ремонта,1 владелец,Оригинал,Растаможен,https://auto.ru/cars/used/sale/kia/optima/1103932261-ef0ee79b/
Kia Optima IV Рестайлинг,898000,2018,89606,седан,белый,2.0,150,Бензин,5250,автоматическая,передний,Левый,Не требует ремонта,2 владельца,Оригинал,Растаможен,https://auto.ru/cars/used/sale/kia/optima/1103431393-081da7de/
Kia Optima IV Рестайлинг,1058000,2018,120000,седан,жёлтый,2.0,150,Бензин,5250,автоматическая,передний,Левый,Не требует ремонта,1 владелец,Оригинал,Растаможен,https://auto.ru/cars/used/sale/kia/optima/1103561439-d36acf96/
Kia Optima IV,1250000,2017,99000,седан,белый,2.4,188,Бензин,9400,автоматическая,передний,Левый,Не требует ремонта,2 владельца,Оригинал,Растаможен,https://auto.ru/cars/used/sale/kia/optima/1103191127-238f9ae6/
Kia Optima IV Рестайлинг,1600000,2020,41000,седан,белый,2.0,150,Бензин,5250,автоматическая,передний,Левый,Не требует ремонта,1 владелец,Оригинал,Растаможен,https://auto.ru/cars/used/sale/kia/optima/1104020059-b145a566/
Kia Optima IV,1325000,2017,73000,седан,белый,2.4,188,Бензин,9400,автоматическая,передний,Левый,Не требует ремонта,2 владельца,Оригинал,Растаможен,https://auto.ru/cars/used/sale/kia/optima/1103352831-22a12ea8/
Kia Optima IV Рестайлинг,1700000,2018,51000,седан,чёрный,2.0,245,Бензин,18375,автоматическая,передний,Левый,Не требует ремонта,2 владельца,Оригинал,Растаможен,https://auto.ru/cars/used/sale/kia/optima/1087498692-75a2f0e8/
Kia Optima IV,1300000,2018,112000,седан,чёрный,2.4,188,Бензин,9400,автоматическая,передний,Левый,Не требует ремонта,1 владелец,Оригинал,Растаможен,https://auto.ru/cars/used/sale/kia/optima/1102242926-66897072/
Kia Optima IV Рестайлинг,1540000,2018,63249,седан,золотистый,2.0,150,Бензин,5250,автоматическая,передний,Левый,Не требует ремонта,1 владелец,Оригинал,Растаможен,https://auto.ru/cars/used/sale/kia/optima/1103791535-e41f83b3/
Kia Optima IV Рестайлинг,1625000,2018,58500,седан,синий,2.4,188,Бензин,9400,автоматическая,передний,Левый,Не требует ремонта,1 владелец,Оригинал,Растаможен,https://auto.ru/cars/used/sale/kia/optima/1102662576-b06895a2/
Kia Optima IV,1320000,2016,64000,седан,белый,2.4,188,Бензин,9400,автоматическая,передний,Левый,Не требует ремонта,3 или более,Оригинал,Растаможен,https://auto.ru/cars/used/sale/kia/optima/1090256010-9e2315da/
Kia Optima III Рестайлинг,950000,2015,131000,седан,серый,2.0,150,Бензин,5250,автоматическая,передний,Левый,Не требует ремонта,3 или более,Дубликат,Растаможен,https://auto.ru/cars/used/sale/kia/optima/1104002767-bf48ea8e/
Kia Optima IV Рестайлинг,1550000,2018,68709,седан,синий,2.4,188,Бензин,9400,автоматическая,передний,Левый,Не требует ремонта,2 владельца,Оригинал,Растаможен,https://auto.ru/cars/used/sale/kia/optima/1103132765-f8068127/
Kia Optima IV,1430000,2017,112857,седан,серый,2.4,188,Бензин,9400,автоматическая,передний,Левый,Не требует ремонта,1 владелец,Оригинал,Растаможен,https://auto.ru/cars/used/sale/kia/optima/1102773298-b4230e50/
,,2013,149000,седан,серый,2.4,180,Бензин,9000,автоматическая,передний,Левый,Не требует ремонта,3 или более,Дубликат,Растаможен,https://auto.ru/cars/used/sale/kia/optima/1103964711-923c5ca2/
Kia Optima IV,1419000,2016,136000,седан,белый,2.4,188,Бензин,9400,автоматическая,передний,Левый,Не требует ремонта,2 владельца,Оригинал,Растаможен,https://auto.ru/cars/used/sale/kia/optima/1103979071-432c20e2/
Kia Optima IV,890000,2018,189000,седан,жёлтый,2.0,150,Бензин,5250,автоматическая,передний,Левый,Не требует ремонта,1 владелец,Оригинал,Растаможен,https://auto.ru/cars/used/sale/kia/optima/1104025232-cbe14db3/
Kia Optima IV,950000,2017,150000,седан,белый,2.0,150,Бензин,5250,механическая,передний,Левый,Не требует ремонта,3 или более,Оригинал,Растаможен,https://auto.ru/cars/used/sale/kia/optima/1099850034-0971bcd6/
Kia Optima IV,1100000,2018,161000,седан,белый,2.0,150,Бензин,5250,автоматическая,передний,Левый,Не требует ремонта,1 владелец,Оригинал,Растаможен,https://auto.ru/cars/used/sale/kia/optima/1103965126-93e5dd7a/
Kia Optima IV,1350000,2017,47000,седан,белый,2.0,150,Бензин,5250,автоматическая,передний,Левый,Не требует ремонта,1 владелец,Оригинал,Растаможен,https://auto.ru/cars/used/sale/kia/optima/1103928476-3229b2f1/
Kia Optima IV,1200000,2016,125000,седан,белый,2.0,150,Бензин,5250,автоматическая,передний,Левый,Не требует ремонта,1 владелец,Оригинал,Растаможен,https://auto.ru/cars/used/sale/kia/optima/1093971612-21be384f/
Kia Optima IV Рестайлинг,1742500,2018,38527,седан,синий,2.4,188,Бензин,9400,автоматическая,передний,Левый,Не требует ремонта,1 владелец,Дубликат,Растаможен,https://auto.ru/cars/used/sale/kia/optima/1103771745-2cbddd55/
Kia Optima III Рестайлинг,1020000,2014,132000,седан,чёрный,2.0,150,Бензин,5250,автоматическая,передний,Левый,Не требует ремонта,3 или более,Оригинал,Растаможен,https://auto.ru/cars/used/sale/kia/optima/1103656181-300e1673/
Kia Optima IV,1280000,2017,90907,седан,чёрный,2.0,150,Бензин,5250,автоматическая,передний,Левый,Не требует ремонта,1 владелец,Дубликат,Растаможен,https://auto.ru/cars/used/sale/kia/optima/1102876246-7c783da8/
Kia Optima IV,1179000,2017,148145,седан,белый,2.4,188,Бензин,9400,автоматическая,передний,Левый,Не требует ремонта,2 владельца,Оригинал,Растаможен,https://auto.ru/cars/used/sale/kia/optima/1103417809-bb099cce/
Kia Optima III Рестайлинг,950000,2014,130000,седан,серебристый,2.0,150,Бензин,5250,автоматическая,передний,Левый,Не требует ремонта,3 или более,Дубликат,Растаможен,https://auto.ru/cars/used/sale/kia/optima/1103810098-053338c5/
Kia Optima IV Рестайлинг,1500000,2018,100000,седан,синий,2.4,188,Бензин,9400,автоматическая,передний,Левый,Не требует ремонта,1 владелец,Оригинал,Растаможен,https://auto.ru/cars/used/sale/kia/optima/1103002098-c1e96875/
Kia Optima IV,1675000,2018,42000,седан,чёрный,2.4,188,Бензин,9400,автоматическая,передний,Левый,Не требует ремонта,1 владелец,Оригинал,Растаможен,https://auto.ru/cars/used/sale/kia/optima/1103745228-c026af71/
Kia Optima IV,1620000,2017,28000,седан,коричневый,2.4,188,Бензин,9400,автоматическая,передний,Левый,Не требует ремонта,2 владельца,Оригинал,Растаможен,https://auto.ru/cars/used/sale/kia/optima/1104038486-47e59c55/
Kia Optima IV,1450000,2016,110000,седан,синий,2.0,245,Бензин,18375,автоматическая,передний,Левый,Не требует ремонта,3 или более,Дубликат,Растаможен,https://auto.ru/cars/used/sale/kia/optima/1104032462-4681a811/
Kia Optima IV Рестайлинг,1799807,2019,39000,седан,синий,2.4,188,Бензин,9400,автоматическая,передний,Левый,Не требует ремонта,1 владелец,Оригинал,Растаможен,https://auto.ru/cars/used/sale/kia/optima/1104049184-5fd1b8e5/
Kia Optima IV Рестайлинг,1350000,2019,69200,седан,белый,2.0,150,Бензин,5250,автоматическая,передний,Левый,Не требует ремонта,1 владелец,Оригинал,Растаможен,https://auto.ru/cars/used/sale/kia/optima/1104013435-758d4d98/
Kia Optima IV Рестайлинг,1315000,2019,72869,седан,белый,2.0,150,Бензин,5250,автоматическая,передний,Левый,Не требует ремонта,3 или более,Оригинал,Растаможен,https://auto.ru/cars/used/sale/kia/optima/1103724998-87f2feaf/
Kia Optima III,950000,2011,158000,седан,синий,2.4,180,Бензин,9000,автоматическая,передний,Левый,Не требует ремонта,2 владельца,Оригинал,Растаможен,https://auto.ru/cars/used/sale/kia/optima/1103689510-594fe582/
Kia Optima IV,1586000,2017,48700,седан,серебристый,2.4,188,Бензин,9400,автоматическая,передний,Левый,Не требует ремонта,1 владелец,Оригинал,Растаможен,https://auto.ru/cars/used/sale/kia/optima/1104010253-91c313b1/
Kia Optima IV,1645000,2018,46072,седан,чёрный,2.4,188,Бензин,9400,автоматическая,передний,Левый,Не требует ремонта,1 владелец,Оригинал,Растаможен,https://auto.ru/cars/used/sale/kia/optima/1103928364-5bc9cd16/
Kia Optima IV,1400000,2017,175000,седан,белый,2.4,188,Бензин,9400,автоматическая,передний,Левый,Не требует ремонта,2 владельца,Оригинал,Растаможен,https://auto.ru/cars/used/sale/kia/optima/1103725436-1a9bc9c9/
Kia Optima IV,1550000,2018,30000,седан,белый,2.4,188,Бензин,9400,автоматическая,передний,Левый,Не требует ремонта,1 владелец,Оригинал,Растаможен,https://auto.ru/cars/used/sale/kia/optima/1103862473-8444664c/
Kia Optima IV,1830000,2018,75400,седан,белый,2.4,188,Бензин,9400,автоматическая,передний,Левый,Не требует ремонта,1 владелец,Оригинал,Растаможен,https://auto.ru/cars/used/sale/kia/optima/1104041422-8a553701/
Kia Optima IV Рестайлинг,1740000,2019,22800,седан,чёрный,2.4,188,Бензин,9400,автоматическая,передний,Левый,Не требует ремонта,1 владелец,Оригинал,Растаможен,https://auto.ru/cars/used/sale/kia/optima/1103514918-a9d3bfaa/
Kia Optima IV,1420000,2016,99251,седан,коричневый,2.4,188,Бензин,9400,автоматическая,передний,Левый,Не требует ремонта,1 владелец,Оригинал,Растаможен,https://auto.ru/cars/used/sale/kia/optima/1103223507-9e2b79e3/
Kia Optima IV Рестайлинг,1910000,2018,35000,седан,белый,2.4,188,Бензин,9400,автоматическая,передний,Левый,Не требует ремонта,1 владелец,Оригинал,Растаможен,https://auto.ru/cars/used/sale/kia/optima/1103655591-51289cfc/
Kia Optima IV Рестайлинг,1650000,2018,77000,седан,чёрный,2.4,188,Бензин,9400,автоматическая,передний,Левый,Не требует ремонта,1 владелец,Оригинал,Растаможен,https://auto.ru/cars/used/sale/kia/optima/1103991331-81bbdf45/
Kia Optima IV,1660000,2018,34150,седан,белый,2.4,188,Бензин,9400,автоматическая,передний,Левый,Не требует ремонта,1 владелец,Оригинал,Растаможен,https://auto.ru/cars/used/sale/kia/optima/1103537289-dd47480e/
Kia Optima IV,1250000,2016,113000,седан,коричневый,2.4,188,Бензин,9400,автоматическая,передний,Левый,Не требует ремонта,2 владельца,Оригинал,Растаможен,https://auto.ru/cars/used/sale/kia/optima/1102460046-51081352/
Kia Optima IV,1460000,2016,79500,седан,белый,2.0,245,Бензин,18375,автоматическая,передний,Левый,Не требует ремонта,2 владельца,Оригинал,Растаможен,https://auto.ru/cars/used/sale/kia/optima/1103992267-e91eca5d/
Kia Optima IV Рестайлинг,1850000,2020,45000,седан,белый,2.0,150,Бензин,5250,автоматическая,передний,Левый,Не требует ремонта,1 владелец,Оригинал,Растаможен,https://auto.ru/cars/used/sale/kia/optima/1103880461-cfaf2321/
Kia Optima III,879000,2013,137958,седан,серый,2.0,150,Бензин,5250,автоматическая,передний,Левый,Не требует ремонта,2 владельца,Оригинал,Растаможен,https://auto.ru/cars/used/sale/kia/optima/1103758165-3204003f/
Kia Optima IV,1350000,2017,178000,седан,синий,2.4,188,Бензин,9400,автоматическая,передний,Левый,Не требует ремонта,2 владельца,Оригинал,Растаможен,https://auto.ru/cars/used/sale/kia/optima/1103618356-46bc4125/
Kia Optima IV,1400000,2018,80000,седан,белый,2.4,188,Бензин,9400,автоматическая,передний,Левый,Не требует ремонта,1 владелец,Оригинал,Растаможен,https://auto.ru/cars/used/sale/kia/optima/1101590159-e9a3949e/
Kia Optima IV,1860000,2017,14500,седан,чёрный,2.4,188,Бензин,9400,автоматическая,передний,Левый,Не требует ремонта,1 владелец,Оригинал,Растаможен,https://auto.ru/cars/used/sale/kia/optima/1103729737-d7c787a2/
Kia Optima IV,1399000,2017,64150,седан,серый,2.0,150,Бензин,5250,автоматическая,передний,Левый,Не требует ремонта,1 владелец,Оригинал,Растаможен,https://auto.ru/cars/used/sale/kia/optima/1102571688-7e095b57/
Kia Optima IV,1495000,2017,78762,седан,чёрный,2.0,245,Бензин,18375,автоматическая,передний,Левый,Не требует ремонта,2 владельца,Оригинал,Растаможен,https://auto.ru/cars/used/sale/kia/optima/1103489904-fdbcb8a7/
Kia Optima III,765000,2011,135000,седан,серый,2.0,150,Бензин,5250,автоматическая,передний,Левый,Не требует ремонта,3 или более,Дубликат,Растаможен,https://auto.ru/cars/used/sale/kia/optima/1103961444-2b59cfca/
Kia Optima IV,1400000,2016,52700,седан,коричневый,2.0,150,Бензин,5250,автоматическая,передний,Левый,Не требует ремонта,1 владелец,Оригинал,Растаможен,https://auto.ru/cars/used/sale/kia/optima/1103813534-5cda6e06/
Kia Optima IV Рестайлинг,1050000,2018,201500,седан,белый,2.0,150,Бензин,5250,автоматическая,передний,Левый,Не требует ремонта,1 владелец,Оригинал,Растаможен,https://auto.ru/cars/used/sale/kia/optima/1103989372-c75c3089/
Kia Optima IV,1290000,2016,76000,седан,коричневый,2.0,150,Бензин,5250,автоматическая,передний,Левый,Не требует ремонта,2 владельца,Оригинал,Растаможен,https://auto.ru/cars/used/sale/kia/optima/1103994540-a98af98e/
Kia Optima IV Рестайлинг,1528000,2019,139500,седан,белый,2.4,188,Бензин,9400,автоматическая,передний,Левый,Не требует ремонта,2 владельца,Оригинал,Растаможен,https://auto.ru/cars/used/sale/kia/optima/1103640614-d1b1f373/
Kia Optima IV,1130000,2016,138000,седан,серый,2.0,150,Бензин,5250,автоматическая,передний,Левый,Не требует ремонта,1 владелец,Оригинал,Растаможен,https://auto.ru/cars/used/sale/kia/optima/1103104533-04501a80/
Kia Optima IV,1255000,2018,133000,седан,белый,2.4,188,Бензин,9400,автоматическая,передний,Левый,Не требует ремонта,2 владельца,Оригинал,Растаможен,https://auto.ru/cars/used/sale/kia/optima/1102900424-00accffc/
Kia Optima IV,1288000,2017,84000,седан,чёрный,2.0,150,Бензин,5250,автоматическая,передний,Левый,Не требует ремонта,2 владельца,Оригинал,Растаможен,https://auto.ru/cars/used/sale/kia/optima/1103502810-a32c11ce/
Kia Optima III,899999,2013,206009,седан,серый,2.0,150,Бензин,5250,автоматическая,передний,Левый,Не требует ремонта,3 или более,Оригинал,Растаможен,https://auto.ru/cars/used/sale/kia/optima/1103604156-fae72cb9/
Kia Optima IV Рестайлинг,1270000,2019,111999,седан,белый,2.0,150,Бензин,5250,автоматическая,передний,Левый,Не требует ремонта,3 или более,Оригинал,Растаможен,https://auto.ru/cars/used/sale/kia/optima/1103747657-9c0d231e/
Kia Optima III Рестайлинг,1142000,2015,61311,седан,чёрный,2.0,150,Бензин,5250,автоматическая,передний,Левый,Не требует ремонта,2 владельца,Дубликат,Растаможен,https://auto.ru/cars/used/sale/kia/optima/1103484823-65f0e9a6/
Kia Optima IV Рестайлинг,1150000,2018,139096,седан,белый,2.0,150,"Бензин, газобаллонное оборудование",5250,автоматическая,передний,Левый,Не требует ремонта,1 владелец,Оригинал,Растаможен,https://auto.ru/cars/used/sale/kia/optima/1103038332-6177aa60/
Kia Optima IV,1400000,2017,93000,седан,белый,2.4,188,Бензин,9400,автоматическая,передний,Левый,Не требует ремонта,1 владелец,Оригинал,Растаможен,https://auto.ru/cars/used/sale/kia/optima/1103989839-8724f590/
Kia Optima IV,1530000,2017,49000,седан,белый,2.4,188,Бензин,9400,автоматическая,передний,Левый,Не требует ремонта,3 или более,Оригинал,Растаможен,https://auto.ru/cars/used/sale/kia/optima/1103053397-e21f1fd3/
Kia Optima IV Рестайлинг,954000,2018,94754,седан,белый,2.0,150,Бензин,5250,автоматическая,передний,Левый,Не требует ремонта,2 владельца,Оригинал,Растаможен,https://auto.ru/cars/used/sale/kia/optima/1103431394-eea96843/
Kia Optima IV Рестайлинг,1200000,2019,80000,седан,белый,2.0,150,Бензин,5250,автоматическая,передний,Левый,Не требует ремонта,1 владелец,Оригинал,Растаможен,https://auto.ru/cars/used/sale/kia/optima/1104008242-70249039/
Kia Optima IV,1710000,2016,67378,седан,чёрный,2.0,245,Бензин,18375,автоматическая,передний,Левый,Не требует ремонта,2 владельца,Оригинал,Растаможен,https://auto.ru/cars/used/sale/kia/optima/1103953948-d3e106d2/
Kia Optima IV,1700000,2018,94500,седан,синий,2.0,245,Бензин,18375,автоматическая,передний,Левый,Не требует ремонта,2 владельца,Оригинал,Растаможен,https://auto.ru/cars/used/sale/kia/optima/1103996561-6bb6d0ba/
Kia Optima IV,1525000,2017,129000,седан,чёрный,2.0,245,Бензин,18375,автоматическая,передний,Левый,Не требует ремонта,3 или более,Оригинал,Растаможен,https://auto.ru/cars/used/sale/kia/optima/1103929281-63592267/
Kia Optima IV Рестайлинг,1617000,2018,105457,седан,синий,2.4,188,Бензин,9400,автоматическая,передний,Левый,Не требует ремонта,2 владельца,Оригинал,Растаможен,https://auto.ru/cars/used/sale/kia/optima/1103728134-bb3374eb/
Kia Optima IV,1600000,2016,83100,седан,белый,2.0,245,Бензин,18375,автоматическая,передний,Левый,Не требует ремонта,2 владельца,Оригинал,Растаможен,https://auto.ru/cars/used/sale/kia/optima/1103995068-4494dac2/
Kia Optima IV,1585000,2018,43600,седан,белый,2.4,188,Бензин,9400,автоматическая,передний,Левый,Не требует ремонта,1 владелец,Оригинал,Растаможен,https://auto.ru/cars/used/sale/kia/optima/1103200846-0ee8c152/
Kia Optima IV,1350000,2016,150000,седан,белый,2.4,188,Бензин,9400,автоматическая,передний,Левый,Не требует ремонта,3 или более,Оригинал,Растаможен,https://auto.ru/cars/used/sale/kia/optima/1103735182-f2b23186/
Kia Optima IV Рестайлинг,1580000,2018,138000,седан,чёрный,2.0,245,Бензин,18375,автоматическая,передний,Левый,Не требует ремонта,2 владельца,Оригинал,Растаможен,https://auto.ru/cars/used/sale/kia/optima/1103837509-01240e1e/
Kia Optima IV,1150000,2017,129000,седан,белый,2.0,150,Бензин,5250,автоматическая,передний,Левый,Не требует ремонта,2 владельца,Оригинал,Растаможен,https://auto.ru/cars/used/sale/kia/optima/1103638722-f42469f0/
Kia Optima IV Рестайлинг,1400000,2019,64000,седан,белый,2.0,150,Бензин,5250,автоматическая,передний,Левый,Не требует ремонта,1 владелец,Оригинал,Растаможен,https://auto.ru/cars/used/sale/kia/optima/1103719684-b02688f3/
Kia Optima III Рестайлинг,1000000,2014,150000,седан,серебристый,2.0,150,Бензин,5250,автоматическая,передний,Левый,Не требует ремонта,2 владельца,Оригинал,Растаможен,https://auto.ru/cars/used/sale/kia/optima/1094697226-09f07918/
Kia Optima IV,900000,2017,220000,седан,жёлтый,2.0,150,Бензин,5250,автоматическая,передний,Левый,Не требует ремонта,1 владелец,Оригинал,Растаможен,https://auto.ru/cars/used/sale/kia/optima/1097672686-54b93d89/
Kia Optima IV Рестайлинг,1730000,2019,24130,седан,белый,2.0,150,Бензин,5250,автоматическая,передний,Левый,Не требует ремонта,1 владелец,Оригинал,Растаможен,https://auto.ru/cars/used/sale/kia/optima/1104032669-af7ae3ca/
Kia Optima III Рестайлинг,1255000,2014,124000,седан,серый,2.4,180,Бензин,9000,автоматическая,передний,Левый,Не требует ремонта,2 владельца,Оригинал,Растаможен,https://auto.ru/cars/used/sale/kia/optima/1103670618-9485aad8/
Kia Optima IV,1285000,2017,125000,седан,белый,2.4,188,Бензин,9400,автоматическая,передний,Левый,Не требует ремонта,2 владельца,Оригинал,Растаможен,https://auto.ru/cars/used/sale/kia/optima/1104015487-92b6753a/
Kia Optima IV,1450000,2018,65000,седан,белый,2.0,150,"Бензин, газобаллонное оборудование",5250,автоматическая,передний,Левый,Не требует ремонта,1 владелец,Оригинал,Растаможен,https://auto.ru/cars/used/sale/kia/optima/1091789684-703e437d/
Kia Optima IV,1460000,2017,82000,седан,белый,2.4,188,Бензин,9400,автоматическая,передний,Левый,Не требует ремонта,1 владелец,Оригинал,Растаможен,https://auto.ru/cars/used/sale/kia/optima/1103497280-1e9b83ca/
Kia Optima IV Рестайлинг,1550000,2018,170000,седан,белый,2.0,150,Бензин,5250,автоматическая,передний,Левый,Не требует ремонта,1 владелец,Оригинал,Растаможен,https://auto.ru/cars/used/sale/kia/optima/1103686985-cdbf1750/
Kia Optima IV Рестайлинг,1650000,2019,20000,седан,белый,2.0,150,Бензин,5250,автоматическая,передний,Левый,Не требует ремонта,1 владелец,Оригинал,Растаможен,https://auto.ru/cars/used/sale/kia/optima/1096057318-a7aa323e/
Kia Optima IV,1750000,2016,59800,седан,белый,2.0,245,Бензин,18375,автоматическая,передний,Левый,Не требует ремонта,3 или более,Дубликат,Растаможен,https://auto.ru/cars/used/sale/kia/optima/1103115978-ad35e2f7/
Kia Optima IV,1630000,2017,70000,седан,синий,2.4,188,Бензин,9400,автоматическая,передний,Левый,Не требует ремонта,2 владельца,Оригинал,Растаможен,https://auto.ru/cars/used/sale/kia/optima/1102945278-9f1dc3c3/
Kia Optima IV Рестайлинг,1480000,2019,130000,седан,белый,2.4,188,Бензин,9400,автоматическая,передний,Левый,Не требует ремонта,1 владелец,Оригинал,Растаможен,https://auto.ru/cars/used/sale/kia/optima/1103826369-5721bd74/
Kia Optima IV Рестайлинг,1300000,2019,80000,седан,белый,2.0,150,Бензин,5250,автоматическая,передний,Левый,Не требует ремонта,1 владелец,Оригинал,Растаможен,https://auto.ru/cars/used/sale/kia/optima/1101717900-b22cde4a/
Kia Optima IV Рестайлинг,1320000,2018,105000,седан,белый,2.0,150,Бензин,5250,автоматическая,передний,Левый,Не требует ремонта,2 владельца,Оригинал,Растаможен,https://auto.ru/cars/used/sale/kia/optima/1103321884-a159757e/
Kia Optima IV,1575000,2017,73650,седан,коричневый,2.4,188,Бензин,9400,автоматическая,передний,Левый,Не требует ремонта,1 владелец,Оригинал,Растаможен,https://auto.ru/cars/used/sale/kia/optima/1103864734-d3716bb4/
Kia Optima IV,1499999,2016,94500,седан,чёрный,2.0,245,Бензин,18375,автоматическая,передний,Левый,Не требует ремонта,3 или более,Оригинал,Растаможен,https://auto.ru/cars/used/sale/kia/optima/1102604232-1b9bb620/
Kia Optima IV Рестайлинг,1500000,2018,83000,седан,белый,2.4,188,Бензин,9400,автоматическая,передний,Левый,Не требует ремонта,1 владелец,Оригинал,Растаможен,https://auto.ru/cars/used/sale/kia/optima/1101425599-6e21953d/
Kia Optima IV,1500000,2017,114000,седан,белый,2.4,185,Бензин,9250,автоматическая,передний,Левый,Не требует ремонта,3 или более,Оригинал,Растаможен,https://auto.ru/cars/used/sale/kia/optima/1103528707-0cfcb806/
Kia Optima III Рестайлинг,1300000,2015,68500,седан,белый,2.0,150,Бензин,5250,автоматическая,передний,Левый,Не требует ремонта,1 владелец,Оригинал,Растаможен,https://auto.ru/cars/used/sale/kia/optima/1101213046-59abaad3/
Kia Optima IV,1490000,2016,89900,седан,коричневый,2.4,188,Бензин,9400,автоматическая,передний,Левый,Не требует ремонта,1 владелец,Оригинал,Растаможен,https://auto.ru/cars/used/sale/kia/optima/1103736783-1bbaab9a/
Kia Optima IV Рестайлинг,1850000,2019,59000,седан,белый,2.4,188,Бензин,9400,автоматическая,передний,Левый,Не требует ремонта,1 владелец,Оригинал,Растаможен,https://auto.ru/cars/used/sale/kia/optima/1103429329-26f38c2b/
Kia Optima IV,1450000,2018,145000,седан,белый,2.4,188,Бензин,9400,автоматическая,передний,Левый,Не требует ремонта,2 владельца,Оригинал,Растаможен,https://auto.ru/cars/used/sale/kia/optima/1103868763-78512a82/
Kia Optima III Рестайлинг,1050000,2015,130000,седан,серебристый,2.0,150,Бензин,5250,автоматическая,передний,Левый,Не требует ремонта,2 владельца,Оригинал,Растаможен,https://auto.ru/cars/used/sale/kia/optima/1101957955-d89a9f89/
Kia Optima IV,1900000,2018,56000,седан,синий,2.0,245,Бензин,18375,автоматическая,передний,Левый,Не требует ремонта,1 владелец,Оригинал,Растаможен,https://auto.ru/cars/used/sale/kia/optima/1103923049-91c06a45/
Kia Optima IV Рестайлинг,1300000,2019,65000,седан,белый,2.0,150,Бензин,5250,автоматическая,передний,Левый,Не требует ремонта,1 владелец,Оригинал,Растаможен,https://auto.ru/cars/used/sale/kia/optima/1103688391-ebb0f9ec/
Kia Optima IV Рестайлинг,1950000,2018,52000,седан,серый,2.4,188,Бензин,9400,автоматическая,передний,Левый,Не требует ремонта,2 владельца,Оригинал,Растаможен,https://auto.ru/cars/used/sale/kia/optima/1103709162-5f246175/
Kia Optima IV,900000,2017,350000,седан,белый,2.0,150,Бензин,5250,автоматическая,передний,Левый,Не требует ремонта,2 владельца,Оригинал,Растаможен,https://auto.ru/cars/used/sale/kia/optima/1101757646-ec130c9a/
Kia Optima IV Рестайлинг,978000,2018,92606,седан,белый,2.0,150,Бензин,5250,автоматическая,передний,Левый,Не требует ремонта,2 владельца,Оригинал,Растаможен,https://auto.ru/cars/used/sale/kia/optima/1103487815-0fd7893d/
Kia Optima IV Рестайлинг,1850000,2019,31000,седан,белый,2.4,188,Бензин,9400,автоматическая,передний,Левый,Не требует ремонта,1 владелец,Оригинал,Растаможен,https://auto.ru/cars/used/sale/kia/optima/1103705277-fb82e33e/
Kia Optima IV,1650000,2016,84000,седан,серый,2.4,188,Бензин,9400,автоматическая,передний,Левый,Не требует ремонта,2 владельца,Оригинал,Растаможен,https://auto.ru/cars/used/sale/kia/optima/1104022363-5517daf5/
Kia Optima III,930000,2013,150000,седан,серебристый,2.0,150,Бензин,5250,механическая,передний,Левый,Не требует ремонта,2 владельца,Оригинал,Растаможен,https://auto.ru/cars/used/sale/kia/optima/1103023375-56e25818/
Kia Optima IV Рестайлинг,1240000,2019,85000,седан,белый,2.0,150,Бензин,5250,автоматическая,передний,Левый,Не требует ремонта,2 владельца,Оригинал,Растаможен,https://auto.ru/cars/used/sale/kia/optima/1103928157-ebc3f2b2/
Kia Optima IV,1300000,2018,178000,седан,чёрный,2.0,150,Бензин,5250,автоматическая,передний,Левый,Не требует ремонта,1 владелец,Оригинал,Растаможен,https://auto.ru/cars/used/sale/kia/optima/1104044286-d4b7784b/
Kia Optima IV Рестайлинг,1350000,2019,77777,седан,белый,2.0,150,Бензин,5250,автоматическая,передний,Левый,Не требует ремонта,2 владельца,Оригинал,Растаможен,https://auto.ru/cars/used/sale/kia/optima/1103921867-40e08217/
Kia Optima IV,1549000,2016,77000,седан,белый,2.0,245,Бензин,18375,автоматическая,передний,Левый,Не требует ремонта,1 владелец,Оригинал,Растаможен,https://auto.ru/cars/used/sale/kia/optima/1098047886-dc948f0b/
Kia Optima IV Рестайлинг,1419000,2019,139000,седан,белый,2.0,150,Бензин,5250,автоматическая,передний,Левый,Не требует ремонта,1 владелец,Оригинал,Растаможен,https://auto.ru/cars/used/sale/kia/optima/1103836761-180f6e21/
Kia Optima IV,1450000,2018,105000,седан,белый,2.4,188,Бензин,9400,автоматическая,передний,Левый,Не требует ремонта,1 владелец,Оригинал,Растаможен,https://auto.ru/cars/used/sale/kia/optima/1103386238-ec83f801/
Kia Optima IV Рестайлинг,1095000,2018,175000,седан,белый,2.0,150,Бензин,5250,автоматическая,передний,Левый,Не требует ремонта,2 владельца,Оригинал,Растаможен,https://auto.ru/cars/used/sale/kia/optima/1087483670-be5ccf9b/
Kia Optima III Рестайлинг,1200000,2015,186863,седан,чёрный,2.4,180,Бензин,9000,автоматическая,передний,Левый,Не требует ремонта,2 владельца,Оригинал,Растаможен,https://auto.ru/cars/used/sale/kia/optima/1101659847-9ddd77c3/
Kia Optima IV,1650000,2017,89000,седан,синий,2.0,245,Бензин,18375,автоматическая,передний,Левый,Не требует ремонта,1 владелец,Оригинал,Растаможен,https://auto.ru/cars/used/sale/kia/optima/1103662700-66a15db4/
Kia Optima IV,934000,2017,164000,седан,белый,2.0,150,Бензин,5250,автоматическая,передний,Левый,Не требует ремонта,2 владельца,Оригинал,Растаможен,https://auto.ru/cars/used/sale/kia/optima/1103505448-7b1ff240/
Kia Optima IV Рестайлинг,1750000,2019,57040,седан,чёрный,2.4,188,Бензин,9400,автоматическая,передний,Левый,Не требует ремонта,1 владелец,Оригинал,Растаможен,https://auto.ru/cars/used/sale/kia/optima/1103483439-99772c12/
Kia Optima IV,1260000,2017,93000,седан,белый,2.0,150,Бензин,5250,автоматическая,передний,Левый,Не требует ремонта,2 владельца,Оригинал,Растаможен,https://auto.ru/cars/used/sale/kia/optima/1101581041-253a2d19/
Kia Optima IV Рестайлинг,1700000,2019,45000,седан,белый,2.4,188,Бензин,9400,автоматическая,передний,Левый,Не требует ремонта,1 владелец,Оригинал,Растаможен,https://auto.ru/cars/used/sale/kia/optima/1094725196-6659d07d/
Kia Optima IV,1050000,2018,141000,седан,белый,2.0,150,Бензин,5250,автоматическая,передний,Левый,Не требует ремонта,3 или более,Оригинал,Растаможен,https://auto.ru/cars/used/sale/kia/optima/1102985594-adc2794d/
Kia Optima IV Рестайлинг,1795000,2019,12000,седан,белый,2.4,188,Бензин,9400,автоматическая,передний,Левый,Не требует ремонта,1 владелец,Оригинал,Растаможен,https://auto.ru/cars/used/sale/kia/optima/1103393940-a6620e49/
Kia Optima IV,1250000,2018,177000,седан,коричневый,2.0,150,Бензин,5250,автоматическая,передний,Левый,Не требует ремонта,2 владельца,Оригинал,Растаможен,https://auto.ru/cars/used/sale/kia/optima/1103045159-ebe1cd22/
Kia Optima IV,1300000,2016,85500,седан,синий,2.0,150,Бензин,5250,автоматическая,передний,Левый,Не требует ремонта,1 владелец,Оригинал,Растаможен,https://auto.ru/cars/used/sale/kia/optima/1103723881-8351cff5/
Kia Optima IV Рестайлинг,1514100,2018,59516,седан,чёрный,2.0,150,Бензин,5250,автоматическая,передний,Левый,Не требует ремонта,1 владелец,Оригинал,Растаможен,https://auto.ru/cars/used/sale/kia/optima/1103759592-e74a618d/
Kia Optima IV Рестайлинг,1791000,2020,40000,седан,белый,2.0,150,Бензин,5250,автоматическая,передний,Левый,Не требует ремонта,1 владелец,Оригинал,Растаможен,https://auto.ru/cars/used/sale/kia/optima/1103984799-99431b36/
Kia Optima IV Рестайлинг,1950000,2019,3950,седан,серебристый,2.0,150,"Бензин, газобаллонное оборудование",5250,автоматическая,передний,Левый,Не требует ремонта,1 владелец,Оригинал,Растаможен,https://auto.ru/cars/used/sale/kia/optima/1101330200-7cc54615/
Kia Optima IV Рестайлинг,1700000,2018,30000,седан,серый,2.4,188,Бензин,9400,автоматическая,передний,Левый,Не требует ремонта,1 владелец,Дубликат,Растаможен,https://auto.ru/cars/used/sale/kia/optima/1103748388-f0ccf286/
Kia Optima IV Рестайлинг,1199000,2019,137000,седан,белый,2.0,150,Бензин,5250,автоматическая,передний,Левый,Не требует ремонта,1 владелец,Оригинал,Растаможен,https://auto.ru/cars/used/sale/kia/optima/1103875892-02990609/
Kia Optima IV Рестайлинг,1680000,2018,48000,седан,белый,2.0,150,Бензин,5250,автоматическая,передний,Левый,Не требует ремонта,1 владелец,Оригинал,Растаможен,https://auto.ru/cars/used/sale/kia/optima/1090738216-c406eef3/
Kia Optima IV,1420000,2018,138500,седан,чёрный,2.0,150,Бензин,5250,автоматическая,передний,Левый,Не требует ремонта,1 владелец,Оригинал,Растаможен,https://auto.ru/cars/used/sale/kia/optima/1104039128-ea7d8715/
Kia Optima IV,1550000,2017,125000,седан,чёрный,2.4,188,Бензин,9400,автоматическая,передний,Левый,Не требует ремонта,1 владелец,Оригинал,Растаможен,https://auto.ru/cars/used/sale/kia/optima/1102902179-d855d205/
Kia Optima IV,1400000,2018,108886,седан,жёлтый,2.4,188,Бензин,9400,автоматическая,передний,Левый,Не требует ремонта,1 владелец,Оригинал,Растаможен,https://auto.ru/cars/used/sale/kia/optima/1103926175-7513649d/
Kia Optima IV Рестайлинг,1699999,2019,47000,седан,чёрный,2.0,150,Бензин,5250,автоматическая,передний,Левый,Не требует ремонта,2 владельца,Оригинал,Растаможен,https://auto.ru/cars/used/sale/kia/optima/1102957269-34a26deb/
Kia Optima IV Рестайлинг,1650000,2019,75000,седан,белый,2.4,188,Бензин,9400,автоматическая,передний,Левый,Не требует ремонта,2 владельца,Оригинал,Растаможен,https://auto.ru/cars/used/sale/kia/optima/1103972884-9e3a9571/
Kia Optima IV Рестайлинг,1500000,2018,175000,седан,жёлтый,2.0,150,"Бензин, газобаллонное оборудование",5250,автоматическая,передний,Левый,Не требует ремонта,1 владелец,Оригинал,Растаможен,https://auto.ru/cars/used/sale/kia/optima/1103097444-7e52357f/
Kia Optima IV Рестайлинг,1620000,2018,18500,седан,жёлтый,2.4,188,Бензин,9400,автоматическая,передний,Левый,Не требует ремонта,1 владелец,Оригинал,Растаможен,https://auto.ru/cars/used/sale/kia/optima/1087701974-7fa48654/
Kia Optima IV,1320000,2016,104000,седан,синий,2.4,185,Бензин,9250,автоматическая,передний,Левый,Не требует ремонта,1 владелец,Оригинал,Растаможен,https://auto.ru/cars/used/sale/kia/optima/1092891156-76832e58/
Kia Optima IV Рестайлинг,1700000,2019,38000,седан,белый,2.0,150,Бензин,5250,автоматическая,передний,Левый,Не требует ремонта,1 владелец,Оригинал,Растаможен,https://auto.ru/cars/used/sale/kia/optima/1103044139-b9971ab7/
Kia Optima IV,980000,2016,283000,седан,жёлтый,2.0,150,"Бензин, газобаллонное оборудование",5250,автоматическая,передний,Левый,Не требует ремонта,2 владельца,Оригинал,Растаможен,https://auto.ru/cars/used/sale/kia/optima/1103716386-6d58e38d/
Kia Optima IV Рестайлинг,1765000,2018,89000,седан,чёрный,2.4,188,Бензин,9400,автоматическая,передний,Левый,Не требует ремонта,2 владельца,Оригинал,Растаможен,https://auto.ru/cars/used/sale/kia/optima/1103640783-4e72373f/
Kia Optima IV,1460000,2018,70000,седан,синий,2.0,150,Бензин,5250,автоматическая,передний,Левый,Не требует ремонта,1 владелец,Оригинал,Растаможен,https://auto.ru/cars/used/sale/kia/optima/1102447726-1b87f18f/
Kia Optima IV,1300000,2018,160200,седан,белый,2.0,150,Бензин,5250,автоматическая,передний,Левый,Не требует ремонта,3 или более,Оригинал,Растаможен,https://auto.ru/cars/used/sale/kia/optima/1103476304-0a5dc81f/
Kia Optima IV,1100000,2017,214000,седан,чёрный,2.0,150,Бензин,5250,автоматическая,передний,Левый,Не требует ремонта,2 владельца,Оригинал,Растаможен,https://auto.ru/cars/used/sale/kia/optima/1102584219-f312db76/
Kia Optima IV,1670000,2017,52800,седан,белый,2.4,188,Бензин,9400,автоматическая,передний,Левый,Не требует ремонта,1 владелец,Оригинал,Растаможен,https://auto.ru/cars/used/sale/kia/optima/1103986532-0ffbd294/
Kia Optima IV,1235000,2018,115899,седан,жёлтый,2.0,150,Бензин,5250,механическая,передний,Левый,Не требует ремонта,1 владелец,Оригинал,Растаможен,https://auto.ru/cars/used/sale/kia/optima/1104021192-6e40a621/
Kia Optima IV Рестайлинг,1500000,2019,75000,седан,белый,2.0,150,Бензин,5250,автоматическая,передний,Левый,Не требует ремонта,1 владелец,Оригинал,Растаможен,https://auto.ru/cars/used/sale/kia/optima/1103036756-02b52296/
Kia Optima IV Рестайлинг,1800000,2019,54300,седан,белый,2.4,188,Бензин,9400,автоматическая,передний,Левый,Не требует ремонта,1 владелец,Оригинал,Растаможен,https://auto.ru/cars/used/sale/kia/optima/1103526979-b314a2f4/
Kia Optima IV Рестайлинг,1600000,2019,64000,седан,белый,2.0,150,Бензин,5250,автоматическая,передний,Левый,Не требует ремонта,2 владельца,Оригинал,Растаможен,https://auto.ru/cars/used/sale/kia/optima/1103966977-1655fcc2/
Kia Optima IV Рестайлинг,1700000,2019,62500,седан,жёлтый,2.0,150,Бензин,5250,автоматическая,передний,Левый,Не требует ремонта,1 владелец,Оригинал,Растаможен,https://auto.ru/cars/used/sale/kia/optima/1102016971-aa9c53ac/
Kia Optima IV Рестайлинг,1619000,2019,91000,седан,белый,2.0,150,Бензин,5250,автоматическая,передний,Левый,Не требует ремонта,1 владелец,Оригинал,Растаможен,https://auto.ru/cars/used/sale/kia/optima/1103277686-208686c5/
Kia Optima IV Рестайлинг,1565000,2019,56250,седан,белый,2.0,150,Бензин,5250,автоматическая,передний,Левый,Не требует ремонта,1 владелец,Оригинал,Растаможен,https://auto.ru/cars/used/sale/kia/optima/1103426425-f93d1f25/
Kia Optima IV Рестайлинг,1550000,2019,46300,седан,белый,2.0,150,Бензин,5250,автоматическая,передний,Левый,Не требует ремонта,2 владельца,Оригинал,Растаможен,https://auto.ru/cars/used/sale/kia/optima/1103081179-b0ce78f8/
Kia Optima IV Рестайлинг,1670000,2019,84000,седан,белый,2.4,188,Бензин,9400,автоматическая,передний,Левый,Не требует ремонта,1 владелец,Оригинал,Растаможен,https://auto.ru/cars/used/sale/kia/optima/1102766735-0a62a9dc/
Kia Optima IV Рестайлинг,1400000,2019,92000,седан,белый,2.0,150,Бензин,5250,автоматическая,передний,Левый,Не требует ремонта,1 владелец,Оригинал,Растаможен,https://auto.ru/cars/used/sale/kia/optima/1103830443-eb2edc11/
Kia Optima III,950000,2012,215630,седан,серебристый,2.0,150,Бензин,5250,автоматическая,передний,Левый,Не требует ремонта,2 владельца,Оригинал,Растаможен,https://auto.ru/cars/used/sale/kia/optima/1103669229-f6b3706d/
Kia Optima IV,1510000,2017,120000,седан,белый,2.0,245,Бензин,18375,автоматическая,передний,Левый,Не требует ремонта,1 владелец,Оригинал,Растаможен,https://auto.ru/cars/used/sale/kia/optima/1092559990-1bea4716/
Kia Optima IV Рестайлинг,1350000,2019,130000,седан,белый,2.0,150,Бензин,5250,автоматическая,передний,Левый,Не требует ремонта,2 владельца,Оригинал,Растаможен,https://auto.ru/cars/used/sale/kia/optima/1103851060-4f7d4cd4/
Kia Optima IV,1217000,2017,85000,седан,жёлтый,2.0,150,Бензин,5250,автоматическая,передний,Левый,Не требует ремонта,2 владельца,Оригинал,Растаможен,https://auto.ru/cars/used/sale/kia/optima/1103596034-318ab002/
Kia Optima IV,1500000,2017,140000,седан,белый,2.4,188,Бензин,9400,автоматическая,передний,Левый,Не требует ремонта,2 владельца,Оригинал,Растаможен,https://auto.ru/cars/used/sale/kia/optima/1103480142-cb7f722a/
Kia Optima IV Рестайлинг,1600000,2019,98000,седан,белый,2.4,188,Бензин,9400,автоматическая,передний,Левый,Не требует ремонта,1 владелец,Оригинал,Растаможен,https://auto.ru/cars/used/sale/kia/optima/1103589473-2a16841a/
Kia Optima IV Рестайлинг,1600000,2019,45970,седан,белый,2.0,150,Бензин,5250,автоматическая,передний,Левый,Не требует ремонта,1 владелец,Оригинал,Растаможен,https://auto.ru/cars/used/sale/kia/optima/1103642810-8ccb337a/
Kia Optima IV Рестайлинг,1650000,2019,76000,седан,белый,2.0,150,Бензин,5250,автоматическая,передний,Левый,Не требует ремонта,1 владелец,Оригинал,Растаможен,https://auto.ru/cars/used/sale/kia/optima/1102932879-e3525284/
Kia Optima IV,1300000,2018,115000,седан,жёлтый,2.4,188,Бензин,9400,автоматическая,передний,Левый,Не требует ремонта,2 владельца,Оригинал,Растаможен,https://auto.ru/cars/used/sale/kia/optima/1102261543-6d8208e6/
Kia Optima III,933000,2011,140000,седан,серый,2.0,150,Бензин,5250,автоматическая,передний,Левый,Не требует ремонта,2 владельца,Оригинал,Растаможен,https://auto.ru/cars/used/sale/kia/optima/1093921658-6146d5f2/
Kia Optima IV,1430000,2017,80293,седан,серебристый,2.0,245,Бензин,18375,автоматическая,передний,Левый,Не требует ремонта,1 владелец,Оригинал,Растаможен,https://auto.ru/cars/used/sale/kia/optima/1103337041-329f9c3d/
Kia Optima III Рестайлинг,1165000,2015,98830,седан,чёрный,2.4,180,Бензин,9000,автоматическая,передний,Левый,Не требует ремонта,2 владельца,Дубликат,Растаможен,https://auto.ru/cars/used/sale/kia/optima/1103920108-c2ea83d9/
Kia Optima IV Рестайлинг,1315000,2019,51765,седан,белый,2.0,150,Бензин,5100,автоматическая,передний,Левый,Не требует ремонта,1 владелец,Оригинал,Растаможен,https://auto.ru/cars/used/sale/kia/optima/1103648223-08b1ab27/
Kia Optima IV Рестайлинг,1649000,2018,43483,седан,чёрный,2.4,188,Бензин,9212,автоматическая,передний,Левый,Не требует ремонта,1 владелец,Оригинал,Растаможен,https://auto.ru/cars/used/sale/kia/optima/1103520641-4428da83/
Kia Optima IV Рестайлинг,1095000,2018,215000,седан,жёлтый,2.0,150,Бензин,5100,автоматическая,передний,Левый,Не требует ремонта,1 владелец,Оригинал,Растаможен,https://auto.ru/cars/used/sale/kia/optima/1104073121-768c0c28/
Kia Optima III,915000,2011,85759,седан,серый,2.0,150,Бензин,5100,автоматическая,передний,Левый,Не требует ремонта,1 владелец,Оригинал,Растаможен,https://auto.ru/cars/used/sale/kia/optima/1103914710-9721bc1d/
Kia Optima III,870000,2011,94171,седан,бежевый,2.0,150,Бензин,5100,автоматическая,передний,Левый,Не требует ремонта,1 владелец,Оригинал,Растаможен,https://auto.ru/cars/used/sale/kia/optima/1103892889-383cc723/
Kia Optima IV Рестайлинг,1690000,2019,29000,седан,белый,2.0,150,Бензин,3750,автоматическая,передний,Левый,Не требует ремонта,1 владелец,Оригинал,Растаможен,https://auto.ru/cars/used/sale/kia/optima/1103818033-b16e765f/
Kia Optima IV,1249900,2016,117000,седан,чёрный,2.0,150,Бензин,5100,автоматическая,передний,Левый,Не требует ремонта,1 владелец,Оригинал,Растаможен,https://auto.ru/cars/used/sale/kia/optima/1104030630-bb868db3/
Kia Optima IV Рестайлинг,1250000,2018,137250,седан,белый,2.0,150,Бензин,5100,автоматическая,передний,Левый,Не требует ремонта,1 владелец,Оригинал,Растаможен,https://auto.ru/cars/used/sale/kia/optima/1103892135-10f04213/
Kia Optima IV Рестайлинг,1419000,2018,125300,седан,белый,2.4,188,Бензин,9400,автоматическая,передний,Левый,Не требует ремонта,2 владельца,Оригинал,Растаможен,https://auto.ru/cars/used/sale/kia/optima/1103427092-150789e9/
Kia Optima IV Рестайлинг,1509000,2018,108603,седан,серебристый,2.4,188,Бензин,9400,автоматическая,передний,Левый,Не требует ремонта,1 владелец,Оригинал,Растаможен,https://auto.ru/cars/used/sale/kia/optima/1103843673-5d01bb95/
Kia Optima IV Рестайлинг,1280000,2018,105976,седан,белый,2.0,150,Бензин,3000,автоматическая,передний,Левый,Не требует ремонта,1 владелец,Оригинал,Растаможен,https://auto.ru/cars/used/sale/kia/optima/1103512926-0e1b26de/
Kia Optima IV,1265000,2018,152766,седан,коричневый,2.0,150,Бензин,3000,автоматическая,передний,Левый,Не требует ремонта,1 владелец,Оригинал,Растаможен,https://auto.ru/cars/used/sale/kia/optima/1103833010-044e75d2/
Kia Optima IV,1500000,2017,40000,седан,белый,2.4,188,Бензин,9212,автоматическая,передний,Левый,Не требует ремонта,2 владельца,Оригинал,Растаможен,https://auto.ru/cars/used/sale/kia/optima/1104004838-6994b4da/
Kia Optima IV,1319000,2017,116666,седан,белый,2.4,188,Бензин,9400,автоматическая,передний,Левый,Не требует ремонта,3 или более,Оригинал,Растаможен,https://auto.ru/cars/used/sale/kia/optima/1103323567-cd510cdd/
Kia Optima IV,1599000,2018,108198,седан,чёрный,2.0,245,Бензин,18375,автоматическая,передний,Левый,Не требует ремонта,1 владелец,Дубликат,Растаможен,https://auto.ru/cars/used/sale/kia/optima/1103972961-2bbfece8/
Kia Optima IV,1529000,2016,36213,седан,коричневый,2.4,188,Бензин,9400,автоматическая,передний,Левый,Не требует ремонта,1 владелец,Оригинал,Растаможен,https://auto.ru/cars/used/sale/kia/optima/1103872104-1db8ef38/
Kia Optima IV,1555000,2017,38222,седан,серый,2.4,188,Бензин,5640,автоматическая,передний,Левый,Не требует ремонта,2 владельца,Оригинал,Растаможен,https://auto.ru/cars/used/sale/kia/optima/1103477218-04cdbb78/
Kia Optima IV,1580000,2018,32760,седан,чёрный,2.4,188,Бензин,9400,автоматическая,передний,Левый,Не требует ремонта,1 владелец,Оригинал,Растаможен,https://auto.ru/cars/used/sale/kia/optima/1103457816-e8336667/
Kia Optima IV Рестайлинг,1499000,2018,136717,седан,чёрный,2.4,188,Бензин,9400,автоматическая,передний,Левый,Не требует ремонта,1 владелец,Оригинал,Растаможен,https://auto.ru/cars/used/sale/kia/optima/1103941800-c5b372e4/
Kia Optima IV,1459000,2017,82031,седан,белый,2.4,188,Бензин,9400,автоматическая,передний,Левый,Не требует ремонта,2 владельца,Оригинал,Растаможен,https://auto.ru/cars/used/sale/kia/optima/1103931787-9c6c7565/
Kia Optima IV Рестайлинг,1299000,2019,111111,седан,белый,2.0,150,Бензин,5100,автоматическая,передний,Левый,Не требует ремонта,1 владелец,Оригинал,Растаможен,https://auto.ru/cars/used/sale/kia/optima/1104063159-b1cc9a21/
Kia Optima IV Рестайлинг,1280000,2018,152000,седан,коричневый,2.0,150,"Бензин, газобаллонное оборудование",5100,автоматическая,передний,Левый,Не требует ремонта,1 владелец,Оригинал,Растаможен,https://auto.ru/cars/used/sale/kia/optima/1103841096-8c9da179/
Kia Optima III Рестайлинг,999000,2014,104900,седан,белый,2.0,150,Бензин,3150,автоматическая,передний,Левый,Не требует ремонта,3 или более,Оригинал,Растаможен,https://auto.ru/cars/used/sale/kia/optima/1102704362-3309de58/
Kia Optima III Рестайлинг,1195000,2014,118000,седан,чёрный,2.4,180,Бензин,8820,автоматическая,передний,Левый,Не требует ремонта,1 владелец,Оригинал,Растаможен,https://auto.ru/cars/used/sale/kia/optima/1103900254-9b938151/
Kia Optima IV,1600000,2017,49836,седан,коричневый,2.4,185,Бензин,9065,автоматическая,передний,Левый,Не требует ремонта,1 владелец,Оригинал,Растаможен,https://auto.ru/cars/used/sale/kia/optima/1104060568-2f5648ee/
Kia Optima III,799999,2012,123000,седан,чёрный,2.4,180,Бензин,9000,автоматическая,передний,Левый,Не требует ремонта,2 владельца,Оригинал,Растаможен,https://auto.ru/cars/used/sale/kia/optima/1103110990-0d21e90f/
Kia Optima IV,1000000,2017,33000,седан,синий,2.0,150,Бензин,5100,механическая,передний,Левый,Не требует ремонта,3 или более,Оригинал,Растаможен,https://auto.ru/cars/used/sale/kia/optima/1102325574-4d68810b/
Kia Optima IV,1250000,2016,106000,седан,серый,2.0,150,Бензин,5100,автоматическая,передний,Левый,Не требует ремонта,1 владелец,Оригинал,Растаможен,https://auto.ru/cars/used/sale/kia/optima/1103762388-29c34783/
Kia Optima IV,1199000,2016,124421,седан,серый,2.0,150,Бензин,3750,автоматическая,передний,Левый,Не требует ремонта,1 владелец,Оригинал,Растаможен,https://auto.ru/cars/used/sale/kia/optima/1103829052-5cb6f7fd/
Kia Optima IV Рестайлинг,1650000,2019,60000,седан,белый,2.4,188,Бензин,9212,автоматическая,передний,Левый,Не требует ремонта,2 владельца,Оригинал,Растаможен,https://auto.ru/cars/used/sale/kia/optima/1103999590-ea2d2c79/
Kia Optima IV Рестайлинг,2100000,2019,31480,седан,коричневый,2.4,188,Бензин,9212,автоматическая,передний,Левый,Не требует ремонта,1 владелец,Оригинал,Растаможен,https://auto.ru/cars/used/sale/kia/optima/1104050485-6f683399/
Kia Optima IV Рестайлинг,1750000,2019,8000,седан,белый,2.0,150,Бензин,4500,автоматическая,передний,Левый,Не требует ремонта,1 владелец,Оригинал,Растаможен,https://auto.ru/cars/used/sale/kia/optima/1097687054-3f2f8654/
Kia Optima IV Рестайлинг,1279000,2019,50400,седан,серебристый,2.0,150,Бензин,5100,автоматическая,передний,Левый,Не требует ремонта,2 владельца,Оригинал,Растаможен,https://auto.ru/cars/used/sale/kia/optima/1103499988-bdb01006/
Kia Optima III,920000,2013,118000,седан,чёрный,2.4,180,Бензин,8820,автоматическая,передний,Левый,Не требует ремонта,3 или более,Оригинал,Растаможен,https://auto.ru/cars/used/sale/kia/optima/1103547652-020a22f7/
Kia Optima IV,1699000,2018,75595,седан,чёрный,2.4,188,Бензин,9212,автоматическая,передний,Левый,Не требует ремонта,1 владелец,Оригинал,Растаможен,https://auto.ru/cars/used/sale/kia/optima/1103815869-9fe33ad6/
Kia Optima IV,1240000,2017,61038,седан,белый,2.0,150,Бензин,4500,автоматическая,передний,Левый,Не требует ремонта,2 владельца,Оригинал,Растаможен,https://auto.ru/cars/used/sale/kia/optima/1102167575-5d156786/
Kia Optima IV Рестайлинг,1450000,2018,50000,седан,синий,2.0,150,Бензин,3750,автоматическая,передний,Левый,Не требует ремонта,1 владелец,Оригинал,Растаможен,https://auto.ru/cars/used/sale/kia/optima/1102563949-017b94f0/
Kia Optima III Рестайлинг,1180000,2013,140000,седан,серый,2.4,180,Бензин,9000,автоматическая,передний,Левый,Не требует ремонта,2 владельца,Оригинал,Растаможен,https://auto.ru/cars/used/sale/kia/optima/1103688753-46cb194c/
Kia Optima IV Рестайлинг,1650000,2019,46600,седан,белый,2.4,188,Бензин,9212,автоматическая,передний,Левый,Не требует ремонта,1 владелец,Оригинал,Растаможен,https://auto.ru/cars/used/sale/kia/optima/1103910993-8bfd38d4/
Kia Optima III Рестайлинг,919900,2014,60737,седан,чёрный,2.0,150,Бензин,5100,механическая,передний,Левый,Не требует ремонта,2 владельца,Оригинал,Растаможен,https://auto.ru/cars/used/sale/kia/optima/1102645389-bd46b729/
Kia Optima IV Рестайлинг,1850000,2020,16000,седан,белый,2.4,188,Бензин,9212,автоматическая,передний,Левый,Не требует ремонта,2 владельца,Оригинал,Растаможен,https://auto.ru/cars/used/sale/kia/optima/1103120746-8540c03d/
Kia Optima IV,2000000,2016,36000,седан,синий,2.0,245,Бензин,18375,автоматическая,передний,Левый,Не требует ремонта,1 владелец,Оригинал,Растаможен,https://auto.ru/cars/used/sale/kia/optima/1101734543-3af0e6a1/
Kia Optima IV,1350000,2016,93000,седан,синий,2.0,150,Бензин,3150,автоматическая,передний,Левый,Не требует ремонта,1 владелец,Оригинал,Растаможен,https://auto.ru/cars/used/sale/kia/optima/1103973380-e620cd1a/
Kia Optima IV,1450000,2017,122000,седан,белый,2.4,188,Бензин,9212,автоматическая,передний,Левый,Не требует ремонта,1 владелец,Оригинал,Растаможен,https://auto.ru/cars/used/sale/kia/optima/1099927586-d7d4ab0e/
Kia Optima IV,1400000,2016,92000,седан,синий,2.4,188,Бензин,7520,автоматическая,передний,Левый,Не требует ремонта,2 владельца,Оригинал,Растаможен,https://auto.ru/cars/used/sale/kia/optima/1102592198-574b9331/
Kia Optima III Рестайлинг,1070000,2015,81000,седан,белый,2.0,150,Бензин,5100,автоматическая,передний,Левый,Не требует ремонта,2 владельца,Оригинал,Растаможен,https://auto.ru/cars/used/sale/kia/optima/1103970839-4b16e309/
Kia Optima IV,1825000,2017,4000,седан,коричневый,2.4,188,Бензин,9212,автоматическая,передний,Левый,Не требует ремонта,2 владельца,Оригинал,Растаможен,https://auto.ru/cars/used/sale/kia/optima/1103323499-32c59b03/
Kia Optima IV Рестайлинг,1840000,2019,79000,седан,белый,2.0,245,Бензин,18375,автоматическая,передний,Левый,Не требует ремонта,1 владелец,Оригинал,Растаможен,https://auto.ru/cars/used/sale/kia/optima/1103900155-cc2e310b/
Kia Optima III,900000,2013,80000,седан,серебристый,2.0,150,Бензин,5100,автоматическая,передний,Левый,Не требует ремонта,3 или более,Оригинал,Растаможен,https://auto.ru/cars/used/sale/kia/optima/1097110022-121b7a79/
Kia Optima III Рестайлинг,850000,2015,186000,седан,белый,2.0,150,"Бензин, газобаллонное оборудование",5250,автоматическая,передний,Левый,Не требует ремонта,3 или более,Оригинал,Растаможен,https://auto.ru/cars/used/sale/kia/optima/1103988382-057a6f0d/
Kia Optima III Рестайлинг,1080000,2015,173000,седан,серебристый,2.4,180,Бензин,8820,автоматическая,передний,Левый,Не требует ремонта,3 или более,Дубликат,Растаможен,https://auto.ru/cars/used/sale/kia/optima/1103996180-574fe8b4/
Kia Optima IV Рестайлинг,1800000,2019,32000,седан,белый,2.0,150,Бензин,4380,автоматическая,передний,Левый,Не требует ремонта,2 владельца,Дубликат,Растаможен,https://auto.ru/cars/used/sale/kia/optima/1103994895-a9a3a11c/
Kia Optima IV Рестайлинг,1550000,2019,29000,седан,белый,2.0,150,Бензин,5100,автоматическая,передний,Левый,Не требует ремонта,1 владелец,Оригинал,Растаможен,https://auto.ru/cars/used/sale/kia/optima/1102633254-2c33cb87/
Kia Optima IV Рестайлинг,1850000,2019,46000,седан,коричневый,2.0,150,Бензин,3150,автоматическая,передний,Левый,Не требует ремонта,1 владелец,Оригинал,Растаможен,https://auto.ru/cars/used/sale/kia/optima/1104015875-b9dde644/
Kia Optima III,900000,2013,116955,седан,белый,2.0,150,Бензин,5100,автоматическая,передний,Левый,Не требует ремонта,1 владелец,Оригинал,Растаможен,https://auto.ru/cars/used/sale/kia/optima/1102572515-2d614111/
Kia Optima IV Рестайлинг,1400000,2019,78000,седан,синий,2.0,150,Бензин,5100,автоматическая,передний,Левый,Не требует ремонта,1 владелец,Оригинал,Растаможен,https://auto.ru/cars/used/sale/kia/optima/1102250510-b3fef347/
Kia Optima IV Рестайлинг,1199999,2019,84000,седан,белый,2.0,150,Бензин,5100,механическая,передний,Левый,Не требует ремонта,3 или более,Дубликат,Растаможен,https://auto.ru/cars/used/sale/kia/optima/1103815824-9027453f/
Kia Optima IV,1378000,2017,70000,седан,серый,2.0,150,Бензин,5100,автоматическая,передний,Левый,Не требует ремонта,1 владелец,Оригинал,Растаможен,https://auto.ru/cars/used/sale/kia/optima/1103615586-07488b1e/
Kia Optima IV,1570000,2017,53000,седан,коричневый,2.4,188,Бензин,9212,автоматическая,передний,Левый,Не требует ремонта,1 владелец,Оригинал,Растаможен,https://auto.ru/cars/used/sale/kia/optima/1103108196-829a4b43/
Kia Optima IV,1750000,2017,27000,седан,белый,2.0,245,Бензин,18375,автоматическая,передний,Левый,Не требует ремонта,2 владельца,Оригинал,Растаможен,https://auto.ru/cars/used/sale/kia/optima/1103665380-0104285f/
Kia Optima IV,1500000,2017,40000,седан,белый,2.4,188,Бензин,8460,автоматическая,передний,Левый,Не требует ремонта,2 владельца,Оригинал,Растаможен,https://auto.ru/cars/used/sale/kia/optima/1095158098-29b222a3/
Kia Optima III,980000,2013,126500,седан,серебристый,2.0,150,Бензин,5100,автоматическая,передний,Левый,Не требует ремонта,3 или более,Оригинал,Растаможен,https://auto.ru/cars/used/sale/kia/optima/1101659986-7044628f/
Kia Optima IV Рестайлинг,1499999,2019,25000,седан,серый,2.0,150,Бензин,3000,автоматическая,передний,Левый,Не требует ремонта,2 владельца,Оригинал,Растаможен,https://auto.ru/cars/used/sale/kia/optima/1101888269-f62d60eb/
Kia Optima III Рестайлинг,935000,2015,206000,седан,белый,2.0,150,"Бензин, газобаллонное оборудование",5100,автоматическая,передний,Левый,Не требует ремонта,1 владелец,Оригинал,Растаможен,https://auto.ru/cars/used/sale/kia/optima/1101612550-6a7a71d1/
Kia Optima IV,1200000,2018,198000,седан,белый,2.4,188,Бензин,9212,автоматическая,передний,Левый,Не требует ремонта,1 владелец,Оригинал,Растаможен,https://auto.ru/cars/used/sale/kia/optima/1103813614-0df4d3a1/
Kia Optima IV Рестайлинг,1750000,2020,56700,седан,белый,2.0,150,Бензин,5100,автоматическая,передний,Левый,Не требует ремонта,1 владелец,Оригинал,Растаможен,https://auto.ru/cars/used/sale/kia/optima/1103863763-e2c94500/
Kia Optima IV,1390000,2018,83000,седан,чёрный,2.0,150,Бензин,5250,автоматическая,передний,Левый,Не требует ремонта,2 владельца,Оригинал,Растаможен,https://auto.ru/cars/used/sale/kia/optima/1104021368-6bdcc1e1/
Kia Optima IV,1369000,2017,135000,седан,чёрный,2.4,188,Бензин,8460,автоматическая,передний,Левый,Не требует ремонта,1 владелец,Оригинал,Растаможен,https://auto.ru/cars/used/sale/kia/optima/1094124090-ba7bb88e/
Kia Optima IV Рестайлинг,1780000,2019,27000,седан,серый,2.0,150,Бензин,4380,автоматическая,передний,Левый,Не требует ремонта,1 владелец,Оригинал,Растаможен,https://auto.ru/cars/used/sale/kia/optima/1103783564-3a305fd5/
Kia Optima IV Рестайлинг,1190000,2018,73000,седан,жёлтый,2.0,150,Бензин,5100,автоматическая,передний,Левый,Не требует ремонта,1 владелец,Оригинал,Растаможен,https://auto.ru/cars/used/sale/kia/optima/1103761779-72c1527d/
Kia Optima IV Рестайлинг,1470000,2018,63000,седан,жёлтый,2.0,150,Бензин,5100,автоматическая,передний,Левый,Не требует ремонта,2 владельца,Оригинал,Растаможен,https://auto.ru/cars/used/sale/kia/optima/1102540359-d484fcc3/
Kia Optima IV Рестайлинг,1650000,2019,18960,седан,белый,2.0,150,Бензин,5100,автоматическая,передний,Левый,Не требует ремонта,1 владелец,Оригинал,Растаможен,https://auto.ru/cars/used/sale/kia/optima/1103181767-24104145/
Kia Optima IV Рестайлинг,1820000,2018,61300,седан,белый,2.4,188,Бензин,9212,автоматическая,передний,Левый,Не требует ремонта,1 владелец,Оригинал,Растаможен,https://auto.ru/cars/used/sale/kia/optima/1103785764-c680fe4d/
Kia Optima IV,1600000,2017,98500,седан,чёрный,2.4,188,Бензин,9400,автоматическая,передний,Левый,Не требует ремонта,2 владельца,Оригинал,Растаможен,https://auto.ru/cars/used/sale/kia/optima/1104014106-6e6a7e4c/
Kia Optima IV Рестайлинг,1400000,2019,52000,седан,белый,2.0,150,Бензин,5100,автоматическая,передний,Левый,Не требует ремонта,1 владелец,Оригинал,Растаможен,https://auto.ru/cars/used/sale/kia/optima/1103918556-75b005f4/
Kia Optima IV,1150000,2018,112000,седан,жёлтый,2.0,150,Бензин,5100,автоматическая,передний,Левый,Не требует ремонта,2 владельца,Оригинал,Растаможен,https://auto.ru/cars/used/sale/kia/optima/1101361424-961477ec/
Kia Optima IV,1490000,2017,86000,седан,коричневый,2.4,188,Бензин,9212,автоматическая,передний,Левый,Не требует ремонта,1 владелец,Оригинал,Растаможен,https://auto.ru/cars/used/sale/kia/optima/1102806802-f3af019c/
Kia Optima IV,1390000,2017,120000,седан,синий,2.4,188,Бензин,5640,автоматическая,передний,Левый,Не требует ремонта,2 владельца,Оригинал,Растаможен,https://auto.ru/cars/used/sale/kia/optima/1103429592-b122a6f0/
Kia Optima III,1100000,2011,104590,седан,серый,2.0,150,Бензин,3150,автоматическая,передний,Левый,Не требует ремонта,1 владелец,Оригинал,Растаможен,https://auto.ru/cars/used/sale/kia/optima/1100455706-57a96ab2/
Kia Optima IV Рестайлинг,1650000,2019,37700,седан,белый,2.0,150,Бензин,5100,автоматическая,передний,Левый,Не требует ремонта,1 владелец,Оригинал,Растаможен,https://auto.ru/cars/used/sale/kia/optima/1102963615-0b36c973/
Kia Optima III,790000,2011,209100,седан,серый,2.0,150,Бензин,5100,автоматическая,передний,Левый,Не требует ремонта,3 или более,Дубликат,Растаможен,https://auto.ru/cars/used/sale/kia/optima/1103030524-ecaaf5ec/
Kia Optima IV Рестайлинг,1360000,2019,135766,седан,белый,2.0,150,Бензин,5100,автоматическая,передний,Левый,Не требует ремонта,1 владелец,Оригинал,Растаможен,https://auto.ru/cars/used/sale/kia/optima/1103858047-d80f8e83/
Kia Optima IV,1300000,2017,85000,седан,чёрный,2.0,150,Бензин,5100,автоматическая,передний,Левый,Не требует ремонта,3 или более,Оригинал,Растаможен,https://auto.ru/cars/used/sale/kia/optima/1103589570-b1814310/
Kia Optima III Рестайлинг,1050000,2013,183000,седан,белый,2.4,180,Бензин,8820,автоматическая,передний,Левый,Не требует ремонта,2 владельца,Оригинал,Растаможен,https://auto.ru/cars/used/sale/kia/optima/1103469276-6f5f3007/
Kia Optima III Рестайлинг,1200000,2014,97500,седан,белый,2.0,150,Бензин,5250,автоматическая,передний,Левый,Не требует ремонта,2 владельца,Дубликат,Растаможен,https://auto.ru/cars/used/sale/kia/optima/1103447167-efdcbf54/
Kia Optima IV,1650000,2016,108000,седан,белый,2.4,188,Бензин,9212,автоматическая,передний,Левый,Не требует ремонта,1 владелец,Оригинал,Растаможен,https://auto.ru/cars/used/sale/kia/optima/1103818345-59c890e4/
Kia Optima IV,1650000,2016,108000,седан,белый,2.4,188,Бензин,9212,автоматическая,передний,Левый,Не требует ремонта,1 владелец,Оригинал,Растаможен,https://auto.ru/cars/used/sale/kia/optima/1103818345-59c890e4/
Kia Optima IV Рестайлинг,1599999,2019,62000,седан,белый,2.0,150,"Бензин, газобаллонное оборудование",5100,автоматическая,передний,Левый,Не требует ремонта,1 владелец,Оригинал,Растаможен,https://auto.ru/cars/used/sale/kia/optima/1103846597-dbbecfa1/
Kia Optima IV Рестайлинг,1670000,2018,88698,седан,чёрный,2.4,188,Бензин,9400,автоматическая,передний,Левый,Не требует ремонта,1 владелец,Оригинал,Растаможен,https://auto.ru/cars/used/sale/kia/optima/1103661400-4cd47a02/
Kia Optima III,950000,2013,101000,седан,серебристый,2.0,150,Бензин,5100,автоматическая,передний,Левый,Не требует ремонта,3 или более,Оригинал,Растаможен,https://auto.ru/cars/used/sale/kia/optima/1103657425-938291e6/
Kia Optima IV Рестайлинг,1700000,2018,178000,седан,белый,2.0,150,Бензин,5100,автоматическая,передний,Левый,Не требует ремонта,1 владелец,Оригинал,Растаможен,https://auto.ru/cars/used/sale/kia/optima/1103478495-99c1e1a0/
Kia Optima IV,1850000,2018,82400,седан,белый,2.4,188,Бензин,9212,автоматическая,передний,Левый,Не требует ремонта,1 владелец,Оригинал,Растаможен,https://auto.ru/cars/used/sale/kia/optima/1103907037-d1bd560e/
Kia Optima IV Рестайлинг,1499000,2019,78800,седан,белый,2.0,150,"Бензин, газобаллонное оборудование",3750,автоматическая,передний,Левый,Не требует ремонта,3 или более,Оригинал,Растаможен,https://auto.ru/cars/used/sale/kia/optima/1103534877-46ca6d0e/
Kia Optima IV,1650000,2017,36000,седан,белый,2.4,188,Бензин,9400,автоматическая,передний,Левый,Не требует ремонта,1 владелец,Оригинал,Растаможен,https://auto.ru/cars/used/sale/kia/optima/1103403191-9beeeb03/
Kia Optima IV Рестайлинг,1600000,2019,42000,седан,белый,2.0,150,Бензин,5100,автоматическая,передний,Левый,Не требует ремонта,1 владелец,Оригинал,Растаможен,https://auto.ru/cars/used/sale/kia/optima/1104004207-c173f09e/
Kia Optima IV Рестайлинг,1700000,2018,63000,седан,белый,2.0,245,Бензин,18375,автоматическая,передний,Левый,Не требует ремонта,2 владельца,Оригинал,Растаможен,https://auto.ru/cars/used/sale/kia/optima/1101802984-55b83d01/
Kia Optima IV Рестайлинг,1630000,2019,84000,седан,белый,2.0,150,Бензин,5100,автоматическая,передний,Левый,Не требует ремонта,1 владелец,Оригинал,Растаможен,https://auto.ru/cars/used/sale/kia/optima/1103901412-3ccd0a98/
Kia Optima IV,1100000,2018,265000,седан,жёлтый,2.0,150,Бензин,5100,автоматическая,передний,Левый,Не требует ремонта,2 владельца,Оригинал,Растаможен,https://auto.ru/cars/used/sale/kia/optima/1102828407-9298caee/
Kia Optima IV Рестайлинг,1615000,2018,147500,седан,белый,2.4,188,Бензин,9212,автоматическая,передний,Левый,Не требует ремонта,2 владельца,Дубликат,Растаможен,https://auto.ru/cars/used/sale/kia/optima/1103457371-f97550a3/
Kia Optima IV Рестайлинг,1480000,2018,124300,седан,белый,2.0,150,Бензин,5100,автоматическая,передний,Левый,Не требует ремонта,1 владелец,Оригинал,Растаможен,https://auto.ru/cars/used/sale/kia/optima/1103781358-9020453f/
Kia Optima IV,1130000,2018,125000,седан,жёлтый,2.0,150,"Бензин, газобаллонное оборудование",5250,автоматическая,передний,Левый,Не требует ремонта,1 владелец,Оригинал,Растаможен,https://auto.ru/cars/used/sale/kia/optima/1103481579-462d35fb/
